,artist,duration_ms,explicit,popularity,danceability,energy,loudness,speechiness,acousticness,instrumentalness,year_min,year_max
0,112,229013.0,0.0,60.0,0.6685000000000001,0.615,-5.398,0.18745,0.006685,3.505e-06,2001,2001
1,2 Chainz,219053.0,0.5,70.0,0.6924999999999999,0.702,-5.9830000000000005,0.275,0.04285,0.0004435,2013,2017
2,21 Savage,254465.0,1.0,76.0,0.8605,0.4915,-7.9350000000000005,0.21799999999999997,0.02725,0.000975,2017,2018
3,2Pac,252279.5,1.0,62.5,0.7755000000000001,0.6599999999999999,-6.0085,0.12485,0.06155,0.0,2001,2004
4,3 Doors Down,243602.4,0.0,65.4,0.5278,0.7926,-5.5716,0.036219999999999995,0.015864,3.232e-06,2000,2012
5,3LW,263440.0,0.0,56.0,0.721,0.723,-7.08,0.0631,0.102,4.4e-06,2000,2000
6,3OH3,196035.33333333334,0.3333333333333333,54.666666666666664,0.6926666666666668,0.799,-4.664666666666666,0.13520000000000001,0.007823333333333333,0.0,2008,2010
7,5 Seconds of Summer,187801.66666666666,0.0,48.0,0.5316666666666666,0.7443333333333334,-4.985,0.272,0.16882299999999997,0.0,2014,2019
8,50 Cent,227030.66666666666,1.0,71.11111111111111,0.721,0.7185555555555555,-4.889555555555556,0.2995555555555556,0.11666666666666667,0.0006987611111111112,2003,2007
9,6ix9ine,168523.5,1.0,52.5,0.7955000000000001,0.581,-7.0265,0.292,0.07164999999999999,0.0,2018,2018
10,99 Souls,216613.0,0.0,55.0,0.683,0.943,-3.6,0.0397,0.00423,0.0972,2016,2016
11,A Boogie Wit da Hoodie,192734.66666666666,1.0,49.333333333333336,0.737,0.6863333333333334,-5.196000000000001,0.1337,0.3077666666666667,0.0,2017,2018
12,A.R. Rahman,222400.0,0.0,65.0,0.657,0.941,-3.919,0.061,0.0476,0.0,2009,2009
13,A1,206466.0,0.0,53.0,0.519,0.874,-5.122,0.034,0.0524,0.0,2001,2001
14,AJ Tracey,190537.0,0.0,69.0,0.903,0.839,-9.447,0.208,0.0939,0.0,2019,2019
15,AJR,201160.0,0.0,0.0,0.673,0.637,-4.518,0.0429,0.137,0.0,2017,2017
16,ASAP Ferg,173600.0,1.0,74.0,0.797,0.844,-5.482,0.275,0.0651,0.0,2017,2017
17,ASAP Rocky,233786.0,1.0,76.0,0.853,0.693,-6.87,0.275,0.0239,0.0,2013,2013
18,AWOLNATION,259102.0,0.0,2.0,0.825,0.435,-9.582,0.0568,0.452,0.609,2011,2011
19,Aaliyah,258653.0,0.0,32.75,0.6715,0.58,-6.63025,0.10994999999999999,0.20577499999999999,0.001065,2002,2019
20,Adam Lambert,217825.0,0.5,51.5,0.5705,0.704,-5.2075,0.04445,0.09575,9.6e-06,2009,2015
21,Adele,253151.42857142858,0.14285714285714285,12.0,0.5614285714285714,0.5660000000000001,-5.906285714285715,0.030728571428571428,0.3841542857142857,2.3714285714285714e-07,2008,2015
22,Afroman,197760.0,1.0,68.0,0.802,0.341,-8.56,0.488,0.169,0.0,2001,2001
23,Agnes,256213.0,0.0,65.0,0.621,0.923,-3.124,0.0321,0.00645,7.28e-05,2009,2009
24,Akon,251947.875,0.625,45.25,0.8126249999999999,0.657375,-5.9345,0.079425,0.168925,5.812499999999999e-07,2004,2008
25,Alan Walker,212106.0,0.0,78.0,0.468,0.627,-5.085,0.0476,0.0281,7.97e-06,2018,2018
26,Alanis Morissette,269400.0,0.0,57.0,0.513,0.82,-5.428,0.0299,0.00192,2.83e-06,2002,2002
27,Alec Benjamin,169353.0,0.0,82.0,0.652,0.557,-5.714,0.0318,0.74,0.0,2018,2018
28,Alesha Dixon,210680.0,0.0,51.0,0.632,0.972,-2.423,0.121,0.121,7.74e-05,2008,2008
29,Alessia Cara,214839.5,0.0,38.0,0.349,0.769,-4.8855,0.21750000000000003,0.05445,0.0,2015,2016
30,Alesso,202673.0,0.0,26.0,0.4455,0.7885,-5.1945,0.07195,0.01982,9.55e-07,2012,2014
31,Alex Clare,256613.0,0.0,60.0,0.588,0.694,-4.278,0.0387,0.00948,0.0,2011,2011
32,Alex Gaudino,223111.0,0.0,73.0,0.627,0.954,-4.804,0.0425,0.0015,0.000814,2007,2007
33,Alex and Sierra,185200.0,0.0,75.0,0.5,0.292,-8.554,0.0323,0.746,0.0,2014,2014
34,Alexandra Burke,212153.0,0.0,60.0,0.4235,0.6455,-4.9475,0.04145,0.33275,0.0,2009,2009
35,Alexandra Stan,195105.0,0.0,0.0,0.726,0.931,-4.152,0.0468,0.0218,0.000283,2011,2011
36,Alice Deejay,214883.0,0.0,73.0,0.671,0.88,-6.149,0.0552,0.00181,0.691,2000,2000
37,Alicia Keys,280086.5,0.0,61.0,0.5723333333333334,0.5318333333333333,-7.616666666666667,0.08346666666666668,0.38553333333333334,0.0015695083333333332,2001,2009
38,Alien Ant Farm,209266.0,0.0,75.0,0.653,0.964,-4.261,0.0582,0.00316,0.00512,2001,2001
39,All Saints,268746.0,0.0,62.0,0.631,0.664,-9.197,0.0242,0.0498,0.00042,2000,2000
40,All Time Low,182826.0,0.0,76.0,0.459,0.895,-3.126,0.0805,0.00725,0.0,2007,2007
41,Aloe Blacc,243053.0,0.0,1.0,0.84,0.482,-7.116,0.0333,0.202,0.0,2010,2010
42,Alok,192846.0,0.0,51.0,0.788,0.43,-7.757,0.0419,0.537,0.00261,2016,2016
43,AlunaGeorge,209425.0,0.0,0.0,0.734,0.847,-3.713,0.0346,0.355,0.000144,2016,2016
44,Amanda Perez,218760.0,0.0,48.0,0.638,0.54,-6.849,0.0473,0.506,0.0,2003,2003
45,Amerie,238746.0,0.0,52.0,0.636,0.946,-4.683,0.332,0.115,3.75e-05,2008,2008
46,Amy Winehouse,237728.33333333334,0.3333333333333333,70.0,0.505,0.5953333333333334,-10.393333333333333,0.041133333333333334,0.0671,0.001434003333333333,2006,2006
47,Anastacia,238364.0,0.0,61.666666666666664,0.674,0.7766666666666667,-4.639666666666667,0.041800000000000004,0.15826,0.0,1999,2004
48,Angie Martinez,244466.0,0.0,40.0,0.583,0.643,-7.486,0.355,0.171,0.0,2019,2019
49,Anne Marie,197561.0,0.3333333333333333,64.66666666666667,0.717,0.718,-3.6839999999999997,0.1451,0.0818,0.0,2016,2018
50,Anuel AA,280257.0,0.0,75.5,0.7965,0.8055000000000001,-3.929,0.1071,0.3433,0.004409499999999999,2019,2019
51,Arctic Monkeys,196439.2,0.2,75.6,0.5084,0.792,-5.5456,0.09894,0.0541463,0.00036486,2006,2013
52,Ariana Grande,210337.07692307694,0.38461538461538464,52.69230769230769,0.6342307692307693,0.6773076923076923,-5.511846153846154,0.13627692307692307,0.10435153846153845,0.0004660646153846154,2013,2019
53,Armand Van Helden,190000.0,0.0,40.0,0.678,0.768,-8.502,0.137,0.0195,0.00866,2006,2006
54,Armin van Buuren,204360.0,0.0,66.0,0.551,0.833,-5.217,0.03,0.0391,2.77e-06,2013,2013
55,Asaf Avidan and the Mojos,212360.0,0.0,0.0,0.821,0.676,-6.366,0.0547,0.187,0.0001,2012,2012
56,Ashanti,241450.66666666666,0.5,59.5,0.646,0.6511666666666667,-4.959666666666666,0.0734,0.2308,2.125e-06,2002,2004
57,Asher Roth,241933.0,1.0,62.0,0.713,0.826,-4.075,0.243,0.0897,0.0,2009,2009
58,Ashlee Simpson,217440.0,0.0,56.0,0.505,0.799,-4.286,0.0773,0.0572,0.0,2004,2004
59,Ashley O,154447.0,0.0,57.0,0.736,0.81,-6.354,0.0906,0.077,0.0,2019,2019
60,Astrid S,208728.0,0.0,0.0,0.672,0.589,-5.008,0.049,0.082,0.0,2016,2016
61,Atomic Kitten,195537.33333333334,0.0,63.0,0.7026666666666667,0.6453333333333333,-5.2156666666666665,0.0351,0.05703333333333333,0.00419,2001,2002
62,Audioslave,293960.0,0.0,75.0,0.614,0.568,-5.477,0.0276,0.00797,0.0,2002,2002
63,Ava Max,185231.0,0.0,5.5,0.7005,0.6799999999999999,-4.697,0.04555,0.07139999999999999,0.0,2018,2019
64,Avant,259553.0,0.0,55.5,0.7765,0.4305,-6.13,0.04935,0.269,2.565e-06,2000,2003
65,Avicii,205057.8,0.1,57.1,0.6,0.7782,-5.201700000000001,0.04936,0.130213,0.08855343,2011,2019
66,Avril Lavigne,222029.0,0.3,62.7,0.48919999999999997,0.8195,-3.9890999999999996,0.05774,0.035520590000000005,0.0012928739999999998,2002,2013
67,Axwell and Ingrosso,203000.0,0.0,0.0,0.645,0.741,-4.989,0.0339,0.0323,0.0,2017,2017
68,Ayo and Teo,238586.0,0.0,69.0,0.804,0.886,-2.512,0.04,0.0837,0.0,2017,2017
69,Azealia Banks,204956.0,1.0,0.0,0.847,0.769,-5.761,0.258,0.0145,0.00012,2014,2014
70,B Young,173153.0,0.0,60.0,0.791,0.473,-9.86,0.25,0.279,0.0,2018,2018
71,B.o.B,214977.66666666666,0.3333333333333333,71.0,0.6323333333333333,0.884,-4.7363333333333335,0.16943333333333332,0.16956666666666667,0.0,2010,2010
72,B2K,253033.0,0.0,55.5,0.845,0.6805000000000001,-5.4875,0.1394,0.09405,1.85e-06,2002,2003
73,BLACKPINK,189052.0,0.0,1.0,0.738,0.861,-4.141,0.237,0.318,0.00182,2019,2019
74,BORNS,218173.0,0.0,0.0,0.373,0.858,-6.536,0.0889,0.00407,0.0016,2015,2015
75,BTS,229773.0,0.0,35.0,0.645,0.862,-4.757,0.0965,0.0923,0.0,2019,2019
76,Baauer,196664.0,0.0,57.0,0.452,0.794,-5.151,0.0483,0.0111,0.00182,2013,2013
77,Baby Bash,229473.0,0.5,38.5,0.7805,0.5565,-4.251,0.1865,0.36939999999999995,4.215e-06,2003,2005
78,Baby Boy Da Prince,324906.0,1.0,59.0,0.88,0.438,-7.562,0.248,0.0147,0.0,2006,2006
79,Backstreet Boys,234879.66666666666,0.0,67.0,0.5473333333333333,0.6666666666666666,-4.758333333333333,0.029300000000000003,0.238,0.0,1999,2005
80,Bad Bunny,230450.0,0.5,79.0,0.7135,0.5815,-5.561,0.18555,0.30705,0.00024906,2018,2019
81,Bad Meets Evil,303813.0,1.0,68.0,0.676,0.695,-8.327,0.245,0.352,0.0,2011,2011
82,Baha Men,198400.0,0.0,65.0,0.869,0.887,-4.505,0.0993,0.0605,0.0,2000,2000
83,Banx and Ranx,190920.0,0.0,56.0,0.671,0.834,-3.928,0.0885,0.0387,0.0,2018,2018
84,Basement Jaxx,249899.5,0.0,0.0,0.6419999999999999,0.8985,-3.6315,0.10555,0.036295,0.001016535,2001,2003
85,Basshunter,162319.5,0.0,64.0,0.642,0.98,-6.277,0.2024,0.09265000000000001,0.003505,2008,2008
86,Bastille,211615.0,0.0,66.66666666666667,0.6930000000000001,0.7673333333333333,-6.157,0.04956666666666667,0.08056666666666666,7.5e-05,2013,2016
87,Bazzi,131064.0,1.0,75.0,0.71,0.789,-3.874,0.0722,0.0161,2.77e-06,2018,2018
88,Becky G,197363.0,0.0,73.5,0.745,0.637,-5.6215,0.047549999999999995,0.19285,3.26e-05,2014,2018
89,Benny Benassi,285570.0,0.0,66.0,0.793,0.698,-3.626,0.104,0.163,0.145,2003,2003
90,Beyonce,237826.3125,0.125,64.375,0.6410625,0.655,-6.0875625,0.14894375,0.084154375,8.583125e-05,2003,2016
91,Big Brovaz,201480.0,0.0,45.0,0.783,0.726,-8.718,0.106,0.0903,2.53e-06,2001,2001
92,Big Sean,253373.0,1.0,73.0,0.802,0.6539999999999999,-5.551,0.10015,0.0711,0.0,2015,2017
93,Big Shaq,186026.0,0.0,62.0,0.905,0.884,-4.076,0.236,0.111,8.31e-05,2017,2017
94,Big Tymers,335613.0,1.0,64.0,0.675,0.607,-3.538,0.162,0.0302,8.97e-06,2002,2002
95,Billie Eilish,192087.0,0.0,82.0,0.6427499999999999,0.357,-12.0685,0.197025,0.7245,0.07359750000000001,2017,2019
96,Bingo Players,166933.0,0.0,1.0,0.801,0.985,-2.69,0.0645,0.0205,6.86e-06,2013,2013
97,Birdy,266431.5,0.0,58.0,0.4285,0.5685,-6.589,0.02775,0.45004999999999995,5.2e-07,2013,2015
98,Black Eyed Peas,257836.85714285713,0.14285714285714285,65.5,0.7551428571428571,0.7572857142857143,-5.385857142857143,0.15797857142857144,0.09490571428571429,0.000124985,2003,2010
99,Blake Shelton,213220.0,0.0,53.0,0.5285,0.7875,-4.878,0.036750000000000005,0.128335,7.45e-07,2011,2013
100,Blanco Brown,200593.0,0.0,69.0,0.847,0.678,-8.635,0.109,0.0669,0.0,2019,2019
101,Blazin Squad,188693.0,0.0,40.0,0.661,0.746,-5.153,0.042,0.109,0.0,2012,2012
102,BlocBoy JB,181263.0,1.0,73.0,0.922,0.581,-7.495,0.27,0.00104,5.86e-05,2018,2018
103,Blu Cantrell,250706.0,0.0,71.0,0.667,0.773,-4.983,0.0586,0.201,0.0,2001,2001
104,Blue,214151.6,0.0,57.2,0.63,0.7003999999999999,-4.8604,0.03269999999999999,0.1471,8.837999999999999e-06,2001,2004
105,Blueface,129264.0,1.0,1.0,0.906,0.382,-12.89,0.269,0.18,0.0,2018,2018
106,Bob Sinclar,226539.5,0.0,59.0,0.804,0.8175,-4.7330000000000005,0.092,0.1232,6.7e-05,2005,2006
107,Bobby Shmurda,194561.0,1.0,73.0,0.794,0.51,-7.314,0.42,0.0505,1.81e-06,2014,2014
108,Bobby V.,258666.0,0.0,65.0,0.568,0.732,-4.896,0.103,0.179,4.92e-06,2005,2005
109,Bodyrockers,200053.0,0.0,54.0,0.642,0.851,-3.638,0.0431,0.0248,0.0146,2005,2005
110,Bomfunk MC s,306333.0,0.0,55.0,0.822,0.922,-5.798,0.0989,0.0291,0.325,2000,2000
111,Bon Jovi,224493.0,0.0,78.0,0.551,0.913,-4.063,0.0466,0.0263,1.35e-05,2000,2000
112,Bone Thugs N Harmony,287480.0,1.0,61.0,0.727,0.71,-6.142,0.0742,0.0104,0.0,2007,2007
113,Bow Wow,217123.0,0.0,55.25,0.78825,0.6505,-7.179749999999999,0.1594,0.165925,0.00010225,2000,2006
114,Boys Like Girls,216613.0,0.0,63.0,0.4315,0.958,-3.5909999999999997,0.10225,0.001715,1.695e-06,2007,2009
115,Brandy,257919.66666666666,0.0,48.333333333333336,0.6656666666666666,0.7130000000000001,-4.313666666666667,0.1315666666666667,0.21388666666666667,0.0014522666666666668,2002,2002
116,Brian McFadden,229826.0,0.0,42.0,0.561,0.452,-7.324,0.0336,0.409,0.0,2004,2004
117,Bridgit Mendler,200946.0,0.0,72.0,0.715,0.872,-3.835,0.0509,0.00351,3.84e-05,2012,2012
118,Britney Spears,218405.31578947368,0.05263157894736842,63.05263157894737,0.7082631578947369,0.7472631578947369,-5.505421052631578,0.07255789473684211,0.23435210526315786,0.0014757463157894738,1999,2013
119,Bruno Mars,218955.9,0.1,77.9,0.6858,0.6828,-5.6563,0.04929,0.26976,7.24e-06,2010,2016
120,Bryson Tiller,196453.0,1.0,77.0,0.645,0.39449999999999996,-8.077,0.19,0.165,0.0,2015,2015
121,Bubba Sparxxx,252653.0,1.0,62.0,0.64,0.62,-5.931,0.416,0.016,0.0,2005,2005
122,Burak Yeter,241874.0,0.0,72.0,0.841,0.639,-6.052,0.0688,0.0156,0.0654,2016,2016
123,Busta Rhymes,259288.66666666666,1.0,61.333333333333336,0.6676666666666667,0.7010000000000001,-5.211333333333333,0.333,0.034300000000000004,3.6e-05,2001,2006
124,CNCO,188786.0,0.0,0.0,0.623,0.909,-3.079,0.0758,0.158,0.0,2017,2017
125,Cali Swag District,237480.0,1.0,66.0,0.846,0.438,-4.981,0.141,0.2,9.43e-05,2011,2011
126,Calvin Harris,227308.55,0.05,67.8,0.68595,0.87145,-3.8638,0.056905000000000004,0.0779841,0.05206161,2007,2019
127,CamRon,204706.0,1.0,67.0,0.754,0.767,-5.586,0.145,0.0216,0.0,2002,2002
128,Camila Cabello,216969.0,0.0,46.666666666666664,0.715,0.576,-5.113333333333333,0.05050000000000001,0.12796666666666667,0.001165,2017,2019
129,Camille Jones,152333.0,0.0,17.0,0.847,0.861,-6.632,0.0603,0.278,0.029,2006,2006
130,Capital Cities,192693.0,0.0,0.0,0.652,0.783,-4.829,0.0309,0.000189,0.0173,2013,2013
131,Cardi B,215442.0,1.0,71.0,0.8605,0.65225,-5.75225,0.15225,0.058935,0.0,2017,2019
132,Carl Thomas,226760.0,0.0,52.0,0.736,0.666,-4.929,0.0337,0.0593,3.82e-05,2000,2000
133,Carly Rae Jepsen,193400.0,0.0,78.0,0.783,0.58,-6.548,0.0408,0.0114,2.28e-06,2012,2012
134,Carrie Underwood,220039.5,0.0,69.5,0.525,0.796,-2.9435000000000002,0.0417,0.18095,0.0,2005,2012
135,Cascada,203160.0,0.0,31.5,0.7010000000000001,0.8394999999999999,-5.6195,0.049350000000000005,0.010655,8.4e-06,2009,2011
136,Case,284666.0,0.0,55.0,0.612,0.579,-6.417,0.0553,0.285,0.0,2001,2001
137,Cashmere Cat,186231.0,0.0,56.0,0.747,0.641,-4.502,0.0925,0.25,0.00107,2018,2018
138,Cassie,192213.0,0.0,73.0,0.803,0.454,-4.802,0.0294,0.352,0.0,2006,2006
139,Celine Dion,250573.0,0.0,61.5,0.604,0.7885,-5.2635000000000005,0.0392,0.1183,8.25e-06,1999,2001
140,Chad Kroeger,200480.0,0.0,66.0,0.427,0.843,-4.54,0.0364,0.00216,0.0,2003,2003
141,Chamillionaire,303053.0,1.0,71.0,0.787,0.799,-4.68,0.0993,0.189,0.0,2005,2005
142,Charlene Soraia,197577.0,0.0,60.0,0.597,0.115,-9.217,0.0334,0.82,0.000215,2011,2011
143,Charli Baltimore,318213.0,1.0,47.0,0.64,0.59,-7.442,0.32,0.252,0.0,2002,2002
144,Charli XCX,169866.0,0.0,49.0,0.659,0.911,-2.28,0.0786,0.154,0.000304,2014,2014
145,Charlie Puth,199290.0,0.0,57.333333333333336,0.7756666666666666,0.6113333333333334,-5.9111666666666665,0.09193333333333333,0.2999833333333333,6.178333333333334e-06,2016,2018
146,Chase and Status,233666.0,0.0,60.0,0.45,0.846,-4.712,0.0472,0.00523,0.0,2011,2011
147,Cheat Codes,225932.0,0.0,34.0,0.6255,0.6795,-5.635,0.15250000000000002,0.031005,0.0,2016,2017
148,Cher Lloyd,214013.0,0.0,67.0,0.696,0.893,-2.963,0.076,0.0662,0.0,2011,2011
149,Cherish,226293.0,0.0,65.0,0.826,0.67,-5.559,0.169,0.00798,0.0,2006,2006
150,Cheryl,223253.0,0.0,65.0,0.739,0.741,-5.873,0.0912,0.013,0.0,2009,2009
151,Chicane,210786.0,0.0,47.0,0.644,0.72,-9.635,0.0419,0.00145,0.504,2016,2016
152,Childish Gambino,235662.0,1.0,0.0,0.681,0.463,-6.542,0.289,0.128,0.0,2013,2013
153,Chingy,269019.75,0.75,63.25,0.8067500000000001,0.718,-5.618,0.22575,0.1034,0.0,2003,2006
154,Chip,237293.0,1.0,48.0,0.415,0.934,-2.914,0.24,0.078,0.0,2011,2011
155,Chord Overstreet,198853.0,0.0,80.0,0.618,0.443,-9.681,0.0526,0.469,0.0,2017,2017
156,Chris Brown,237007.9375,0.375,63.25,0.6826875,0.6805,-5.227625,0.10194375,0.0443841875,0.000285885,2005,2019
157,Christina Aguilera,245641.25,0.0,64.75,0.70875,0.773,-4.2095,0.1705,0.1264075,0.0031800500000000002,1999,2006
158,Christina Milian,216981.66666666666,0.0,55.0,0.8596666666666666,0.8096666666666666,-3.547333333333333,0.11699999999999999,0.08573333333333333,0.00024453333333333333,2001,2004
159,Christina Perri,260804.33333333334,0.0,67.0,0.403,0.4146666666666667,-6.624333333333333,0.0317,0.389,0.0005346666666666667,2011,2013
160,Ciara,237796.375,0.0,60.625,0.799625,0.6038749999999999,-6.7705,0.09393750000000001,0.10101225,0.00016130750000000003,2004,2013
161,Clean Bandit,228470.8,0.0,55.6,0.7158,0.6728,-4.7386,0.04426,0.18724000000000002,2.0306000000000002e-05,2014,2018
162,Cobra Starship,206053.0,0.0,67.5,0.631,0.8654999999999999,-3.33,0.0675,0.015349999999999999,3.355e-06,2009,2011
163,Colby O Donis,243013.0,0.0,61.0,0.775,0.641,-6.718,0.038,0.0327,0.0,2008,2008
164,Coldplay,257830.81818181818,0.0,74.36363636363636,0.48172727272727267,0.7028181818181818,-6.46709090909091,0.034745454545454545,0.09926272727272728,0.006803418181818182,2002,2015
165,Counting Crows,225426.0,0.0,50.0,0.669,0.873,-4.315,0.0494,0.00204,0.0,2003,2003
166,Craig David,255886.25,0.0,61.25,0.5955,0.6757500000000001,-7.2665,0.042075,0.33,0.0023775,2000,2005
167,Crazy Frog,168879.0,0.0,67.0,0.86,0.907,-3.321,0.0407,0.279,0.693,2005,2005
168,Crazy Town,216733.0,0.0,71.0,0.736,0.811,-4.17,0.081,0.00132,0.000142,1999,1999
169,Creed,282033.25,0.0,62.25,0.39225,0.7435,-6.69875,0.038375,0.002528125,0.00029607749999999996,1999,2015
170,D12,284270.6666666667,1.0,66.0,0.7919999999999999,0.7803333333333334,-3.848333333333333,0.15993333333333334,0.26563333333333333,1.0616666666666668e-05,2001,2004
171,D4L,224253.0,1.0,63.0,0.891,0.439,-7.994,0.428,0.0351,0.0,2005,2005
172,DB Boulevard,231166.0,0.0,0.0,0.676,0.715,-6.854,0.0287,0.00284,0.0746,2018,2018
173,DEV,226226.0,0.0,52.0,0.736,0.824,-4.231,0.0672,0.00358,0.000921,2012,2012
174,DJ Casper,222146.0,0.0,51.0,0.853,0.911,-6.722,0.125,0.0436,0.00571,2004,2004
175,DJ Fresh,193851.66666666666,0.0,58.666666666666664,0.4283333333333334,0.9486666666666667,-1.1466666666666667,0.07883333333333332,0.09332,0.0028333333333333335,2010,2012
176,DJ Khaled,248206.25,1.0,65.0,0.545,0.755,-3.7287500000000002,0.22945000000000002,0.04345,0.0,2010,2018
177,DJ Otzi,219240.0,0.0,58.0,0.666,0.968,-3.196,0.046,0.123,0.0,2010,2010
178,DJ Pied Piper and The Masters Of Ceremonies,217120.0,0.0,54.0,0.847,0.877,-5.424,0.0493,0.124,0.0,2001,2001
179,DJ Sammy,233600.0,0.0,63.0,0.571,0.953,-5.601,0.0548,0.0011,0.000606,2002,2002
180,DJ Snake,218753.0,0.3333333333333333,61.0,0.6948333333333333,0.757,-4.747,0.14641666666666667,0.07256166666666668,0.021339733333333336,2013,2019
181,DMX,243226.0,1.0,70.5,0.6355,0.915,-3.1959999999999997,0.265,0.04365,0.0,1999,2007
182,DNCE,219146.0,1.0,79.0,0.774,0.753,-5.446,0.0517,0.152,0.0,2016,2016
183,Da Brat,221160.0,1.0,53.0,0.879,0.681,-8.951,0.24,0.017,0.0,2000,2000
184,DaBaby,163320.0,1.0,72.0,0.876,0.662,-6.482,0.426,0.0608,0.0,2019,2019
185,Daddy Yankee,195435.33333333334,0.0,53.666666666666664,0.7923333333333332,0.8336666666666667,-4.189,0.05736666666666667,0.20533333333333334,1.0466666666666667e-06,2004,2019
186,Daft Punk,307554.3333333333,0.0,76.0,0.7463333333333333,0.7223333333333333,-8.470666666666666,0.076,0.048633333333333334,0.00038035666666666663,2001,2013
187,Daniel Bedingfield,209679.5,0.0,52.0,0.762,0.65,-6.326,0.0445,0.2933,2.74e-05,2002,2002
188,Daniel Powter,233640.0,0.0,74.0,0.599,0.785,-4.013,0.0309,0.448,0.00336,2005,2005
189,Danity Kane,244266.0,0.0,57.0,0.774,0.653,-5.158,0.05,0.0912,0.0,2008,2008
190,Darude,225493.0,0.0,69.0,0.528,0.965,-7.984,0.0465,0.141,0.985,2001,2001
191,Daughtry,215173.0,0.0,45.0,0.45,0.921,-3.476,0.0538,0.0467,0.0,2016,2016
192,Dave,241293.0,1.0,78.0,0.812,0.496,-5.969,0.297,0.271,0.0,2019,2019
193,David Archuleta,213520.0,0.0,67.0,0.57,0.664,-4.718,0.0322,0.00836,1.2e-05,2008,2008
194,David Banner,230133.0,1.0,52.0,0.837,0.658,-8.013,0.126,0.000213,0.122,2005,2005
195,David Guetta,200823.61111111112,0.1111111111111111,65.83333333333333,0.6160555555555556,0.8024444444444445,-3.880555555555555,0.07668333333333334,0.09013666666666667,0.009828611111111111,2010,2018
196,Daya,202221.0,0.0,1.0,0.657,0.739,-4.081,0.274,0.141,0.0,2016,2016
197,Dean Lewis,196373.0,1.0,79.0,0.553,0.586,-6.319,0.0362,0.697,0.0,2018,2018
198,Debelah Morgan,220106.0,0.0,49.0,0.85,0.674,-7.981,0.0373,0.309,0.000645,2000,2000
199,Default,268693.0,0.0,40.0,0.443,0.769,-5.529,0.0312,0.00138,0.0,2001,2001
200,Delta Goodrem,249913.0,0.0,54.0,0.5615,0.6679999999999999,-6.7475000000000005,0.02835,0.14125,8.45e-07,2003,2003
201,Dem Franchize Boyz,229813.0,1.0,60.0,0.886,0.62,-5.854,0.307,0.082,0.0,2006,2006
202,Demi Lovato,209169.25,0.5,53.5,0.58375,0.7105,-4.966,0.06475,0.07752250000000001,8.05e-05,2011,2015
203,Dennis Lloyd,156600.0,0.0,74.0,0.6,0.688,-8.339,0.201,0.159,1.29e-05,2017,2017
204,Deorro,211975.0,0.0,66.0,0.699,0.883,-3.226,0.219,0.0288,0.0,2015,2015
205,Desiigner,243307.0,1.0,68.5,0.5894999999999999,0.7455,-3.9985,0.24415,0.10099999999999999,8.4e-07,2016,2016
206,Destiny s Child,246858.88888888888,0.0,64.55555555555556,0.7146666666666666,0.7064444444444444,-4.908666666666667,0.19737777777777776,0.14964555555555556,0.02450831111111111,1999,2004
207,Diddy,277057.3333333333,0.3333333333333333,62.333333333333336,0.7306666666666667,0.5543333333333332,-6.533333333333334,0.25553333333333333,0.27853333333333335,0.0,2004,2006
208,Dido,229200.0,0.0,58.5,0.6185,0.554,-8.3825,0.0414,0.3135,0.00012065,1999,2003
209,Dirty Money,238693.0,0.0,69.0,0.392,0.839,-1.921,0.193,0.158,0.0,2010,2010
210,Dirty Vegas,432146.0,0.0,48.0,0.786,0.853,-8.274,0.0688,0.0499,0.0872,2002,2002
211,Disclosure,266659.0,0.0,64.0,0.5840000000000001,0.7855,-5.8100000000000005,0.10855000000000001,0.012765,0.00015475,2013,2013
212,Disturbing Tha Peace,272293.0,1.0,59.0,0.777,0.751,-5.692,0.133,0.245,0.0,2002,2002
213,Dizzee Rascal,200764.0,0.0,55.333333333333336,0.6823333333333333,0.8803333333333333,-3.182,0.1033,0.036950000000000004,0.0,2011,2011
214,Doja Cat,202333.0,1.0,57.0,0.786,0.658,-2.61,0.0661,0.0856,0.0,2019,2019
215,Dominic Fike,177666.0,0.0,78.0,0.815,0.518,-6.594,0.0897,0.223,0.0,2018,2018
216,Donell Jones,248679.5,0.5,60.0,0.759,0.46950000000000003,-7.6485,0.0571,0.2801,2.865e-05,1999,1999
217,Dr. Dre,222510.66666666666,1.0,77.33333333333333,0.8133333333333334,0.8649999999999999,-2.7496666666666663,0.2664666666666667,0.0659,0.0,1999,2011
218,Drake,231631.2857142857,0.8095238095238095,64.38095238095238,0.7192380952380952,0.5997142857142856,-7.122571428571429,0.16676666666666667,0.09219319047619048,0.005061012380952381,2009,2019
219,Dua Lipa,200298.25,0.25,70.75,0.73125,0.73125,-4.97675,0.0846,0.0166025,2.775e-06,2017,2019
220,Duck Sauce,196533.0,0.0,46.0,0.769,0.922,-1.966,0.108,0.000939,0.197,2010,2010
221,Duffy,219920.0,0.0,69.0,0.793,0.859,-3.774,0.0332,0.266,0.000356,2008,2008
222,Duke Dumont,230224.5,0.0,47.0,0.6585000000000001,0.798,-6.7285,0.042,0.002765,0.004835,2013,2014
223,Dynoro,184560.0,0.0,78.0,0.694,0.77,-5.335,0.149,0.176,1.1e-05,2018,2018
224,E 40,202720.0,1.0,63.0,0.858,0.484,-7.448,0.277,0.0241,1.8e-06,2006,2006
225,EO,170825.0,0.0,67.0,0.862,0.583,-6.26,0.0654,0.811,1.86e-05,2018,2018
226,Eamon,225106.0,1.0,64.0,0.828,0.653,-6.245,0.0653,0.214,3.25e-06,2004,2004
227,Echosmith,237626.0,0.0,71.0,0.719,0.671,-6.279,0.0336,0.0372,8.21e-06,2013,2013
228,Ed Sheeran,232488.77777777778,0.2222222222222222,72.77777777777777,0.7507777777777778,0.5833222222222223,-7.191999999999999,0.07457777777777778,0.29525555555555555,1.3555555555555554e-07,2013,2019
229,Edward Maya,184573.0,0.0,66.0,0.799,0.783,-3.896,0.0322,0.0346,0.0186,2010,2010
230,Eiffel 65,268863.0,0.0,56.0,0.745,0.958,-9.664,0.0287,0.0813,0.324,1999,1999
231,Electric Six,214600.0,0.0,0.0,0.66,0.698,-4.722,0.0302,1.92e-05,0.166,2003,2003
232,Ella Henderson,213213.0,0.0,63.0,0.68,0.84,-3.823,0.0414,0.0457,8.66e-06,2014,2014
233,Ella Mai,213993.0,0.0,72.0,0.477,0.61,-5.628,0.144,0.225,0.0,2018,2018
234,Ellie Goulding,216931.2,0.0,53.0,0.5412,0.736,-5.96,0.04388,0.19714,0.007823662,2010,2015
235,Elliott Yamin,261320.0,0.0,58.0,0.764,0.487,-6.734,0.0281,0.25,0.0,2007,2007
236,Elvis Presley,211506.0,0.0,60.0,0.597,0.97,-5.972,0.0502,0.000385,0.205,2002,2002
237,Emeli Sande,283706.0,0.0,65.0,0.63,0.44,-7.186,0.0249,0.822,3.87e-06,2012,2012
238,Eminem,282108.5,0.95,72.6,0.75415,0.7803,-4.00395,0.21566999999999997,0.1096485,5.4832000000000006e-05,2000,2017
239,Emma Bunton,241000.0,0.0,54.0,0.668,0.772,-5.4,0.0307,0.123,0.0,2001,2001
240,Empire of the Sun,198440.0,0.0,77.0,0.871,0.701,-5.594,0.0458,0.257,7.52e-06,2008,2008
241,Enrique Iglesias,220555.22222222222,0.1111111111111111,58.0,0.7102222222222223,0.8564444444444445,-4.178444444444445,0.061399999999999996,0.04485555555555556,0.00020680333333333335,1999,2017
242,Enya,218546.0,0.0,69.0,0.418,0.249,-13.744,0.0301,0.841,0.661,2000,2000
243,Eric Prydz,175786.33333333334,0.0,45.666666666666664,0.5796666666666667,0.8826666666666667,-5.336666666666666,0.15226666666666666,0.0019510000000000003,0.28271666666666667,2004,2008
244,Erick Sermon,223133.0,1.0,57.0,0.897,0.466,-9.053,0.203,0.187,1.35e-06,2001,2001
245,Erykah Badu,348893.0,0.0,54.0,0.724,0.416,-8.964,0.0841,0.365,0.0,2000,2000
246,Estelle,284733.0,1.0,78.0,0.727,0.729,-2.99,0.326,0.171,0.0,2008,2008
247,Evanescence,237710.66666666666,0.0,72.0,0.3236666666666667,0.6970000000000001,-5.4959999999999996,0.0526,0.2907133333333333,6.866666666666667e-07,2003,2006
248,Eve,234699.5,1.0,65.5,0.8155,0.6985,-3.883,0.0839,0.15195,0.0,2001,2002
249,Example,188646.0,0.0,52.5,0.594,0.8465,-4.1175,0.04915,0.0046099999999999995,0.00081,2010,2011
250,FINNEAS,190348.0,1.0,71.0,0.737,0.408,-7.941,0.104,0.802,0.0,2018,2018
251,Fabolous,251223.0,1.0,62.25,0.647,0.57175,-7.191,0.164275,0.242,0.0,2003,2009
252,Faith Evans,267160.0,0.0,53.0,0.489,0.757,-4.062,0.0926,0.00981,0.0,2001,2001
253,Faith Hill,236333.0,0.0,63.0,0.42500000000000004,0.5035000000000001,-8.3885,0.0298,0.34299999999999997,0.0,1999,2001
254,Faithless,222435.0,0.0,53.0,0.645,0.903,-10.587,0.0441,0.00188,0.799,2015,2015
255,Fall Out Boy,202199.6,0.0,73.8,0.4934,0.9042,-3.9068000000000005,0.08336,0.0083554,6.64e-07,2005,2015
256,Far East Movement,214073.0,0.0,67.0,0.5495,0.841,-7.1205,0.24755,0.09387999999999999,0.0,2010,2010
257,Fat Joe,241942.0,0.6666666666666666,57.666666666666664,0.828,0.6513333333333333,-5.898333333333333,0.2096,0.031766666666666665,7.3e-06,2001,2006
258,Fatman Scoop,164506.0,1.0,49.0,0.649,0.713,-6.488,0.295,0.000787,0.0,2009,2009
259,Fedde Le Grand,150533.0,0.0,19.5,0.8205,0.927,-4.4995,0.21550000000000002,0.015349999999999999,0.182,2015,2015
260,Felix Jaehn,186146.0,0.0,72.0,0.778,0.566,-6.959,0.0311,0.672,0.000197,2018,2018
261,Fergie,257765.0,0.6,63.6,0.7849999999999999,0.6308,-5.6806,0.21349999999999997,0.19352,8.400000000000001e-05,2006,2006
262,Fetty Wap,210613.0,1.0,65.66666666666667,0.7040000000000001,0.777,-4.214666666666667,0.16636666666666666,0.010383333333333335,0.0,2015,2015
263,Fifth Harmony,216542.0,0.0,70.0,0.7919999999999999,0.7136666666666667,-4.973333333333334,0.06146666666666667,0.063,3.66e-06,2015,2016
264,Finger Eleven,208106.0,0.0,73.0,0.644,0.939,-3.486,0.0456,0.157,0.0,2007,2007
265,Fitz and The Tantrums,193253.0,0.0,64.0,0.636,0.836,-3.004,0.0427,0.00609,0.000157,2016,2016
266,Five,218626.0,0.0,47.0,0.631,0.821,-7.853,0.0867,0.00876,0.000247,2001,2001
267,Flipp Dinero,195637.0,1.0,69.0,0.792,0.743,-2.806,0.0851,0.107,0.0,2019,2019
268,Flo Rida,220676.5,0.0,71.2,0.7207,0.7954,-5.0883,0.06446,0.0361364,0.0008201790000000001,2008,2015
269,Floetry,268373.0,0.0,57.0,0.747,0.398,-12.932,0.0743,0.211,1.42e-06,2002,2002
270,Florence + The Machine,218190.0,0.0,68.0,0.578,0.946,-3.85,0.0482,0.00225,0.00412,2011,2011
271,Florida Georgia Line,208960.0,0.0,57.0,0.457,0.948,-3.364,0.0354,0.0191,0.0,2012,2012
272,Flume,247929.0,1.0,26.5,0.512,0.5445,-6.1325,0.047299999999999995,0.25705,1.635e-06,2016,2016
273,Foo Fighters,262499.5,0.0,77.0,0.39949999999999997,0.9495,-4.5794999999999995,0.05635,0.000843,4.71e-05,2005,2007
274,Fort Minor,231179.5,1.0,57.5,0.6859999999999999,0.827,-3.7355,0.16455,0.16015000000000001,0.000986435,2005,2005
275,Foster The People,239600.0,0.0,82.0,0.733,0.71,-5.849,0.0292,0.145,0.115,2011,2011
276,Fragma,213346.0,0.0,50.0,0.682,0.917,-5.459,0.0318,0.15,0.0676,2001,2001
277,Frank Ocean,209304.5,0.5,71.5,0.7285,0.5775,-6.171,0.16255,0.3486,0.00027435,2012,2016
278,Frankie J,245293.0,0.0,49.0,0.655,0.433,-7.577,0.0348,0.444,0.0,2003,2003
279,Franz Ferdinand,226013.0,0.0,69.0,0.34450000000000003,0.8035,-5.858499999999999,0.041249999999999995,0.036404500000000006,0.0005015,2004,2005
280,French Montana,233901.0,1.0,82.0,0.726,0.769,-5.043,0.123,0.0293,0.0101,2017,2017
281,Fuel,236866.0,0.0,49.0,0.313,0.831,-3.894,0.0404,0.000127,0.000341,2000,2000
282,Future,259073.0,1.0,76.5,0.7775,0.3825,-8.292,0.2518,0.1736,0.15194999999999997,2016,2017
283,G Eazy,252020.8,0.8,43.0,0.6688,0.737,-5.6406,0.14930000000000002,0.028656000000000004,0.0,2015,2017
284,G Unit,265026.0,1.0,61.0,0.513,0.826,-3.651,0.132,0.106,0.0,2003,2003
285,G.R.L.,198306.0,0.0,64.0,0.65,0.786,-5.488,0.0463,0.019,0.0,2014,2014
286,Gabriella Cilmi,202133.0,0.0,56.0,0.671,0.701,-5.035,0.0288,0.0607,2.7e-06,2008,2008
287,Gabrielle,208039.5,0.0,64.5,0.534,0.4805,-8.027000000000001,0.0356,0.40900000000000003,4.415e-06,2001,2001
288,Galantis,208099.5,0.0,70.5,0.5885,0.8605,-4.0665,0.0433,0.017655,0.004775,2015,2016
289,Gareth Gates,230766.0,0.0,44.0,0.534,0.573,-7.055,0.0269,0.27,2.695e-06,2003,2003
290,Garrett Nash,251033.0,1.0,77.0,0.492,0.275,-13.4,0.3,0.687,0.0,2016,2016
291,Gary Jules,189506.0,0.0,65.0,0.345,0.0581,-17.217,0.0374,0.976,0.000366,2001,2001
292,Gavin DeGraw,206000.0,0.0,51.0,0.438,0.906,-4.8,0.0438,0.0191,0.0,2008,2008
293,George Michael,265826.0,0.0,57.0,0.805,0.754,-6.825,0.0394,0.0884,1.77e-06,2004,2004
294,Geri Halliwell,254640.0,0.0,62.0,0.637,0.929,-6.03,0.0447,0.063,0.00796,2001,2001
295,Gesaffelstein,202093.0,1.0,84.0,0.658,0.671,-12.21,0.0363,0.0933,0.000927,2019,2019
296,Gigi D Agostino,262092.5,0.0,32.5,0.6785,0.802,-7.401,0.03305,0.025050000000000003,0.02486,1999,2011
297,Ginuwine,254419.5,0.5,62.0,0.6265000000000001,0.5675,-5.2255,0.06670000000000001,0.41300000000000003,0.0,2001,2003
298,Girls Aloud,212184.0,0.0,56.5,0.6425000000000001,0.88775,-5.005,0.045125,0.00745,0.001929175,2003,2012
299,Gnarls Barkley,177466.0,0.0,74.0,0.855,0.587,-4.589,0.0336,0.0505,0.00714,2006,2006
300,Good Charlotte,190173.0,0.0,68.0,0.62,0.93,-3.685,0.0374,0.00043,0.0,2002,2002
301,Gorgon City,198880.0,0.0,61.0,0.677,0.753,-7.038,0.154,0.0531,0.0128,2014,2014
302,Gorillaz,269519.6666666667,0.3333333333333333,76.33333333333333,0.747,0.7633333333333333,-7.052666666666667,0.1284,0.018853333333333333,0.029743333333333333,2001,2005
303,Gotye,244884.0,0.0,57.0,0.863,0.527,-6.896,0.0358,0.607,0.000168,2011,2011
304,Green Day,252901.66666666666,0.6666666666666666,74.0,0.3793333333333333,0.8029999999999999,-3.5536666666666665,0.04343333333333333,0.0185888,3.1333333333333334e-05,2004,2009
305,Grimes,251266.0,0.0,0.0,0.697,0.529,-8.838,0.0338,0.115,0.901,2012,2012
306,Grouplove,218013.0,0.0,79.0,0.56,0.936,-5.835,0.0439,0.00847,0.0,2011,2011
307,Guru Josh Project,190013.0,0.0,1.0,0.493,0.849,-6.139,0.0576,0.000337,0.00672,2011,2011
308,Guy Sebastian,250080.0,0.0,0.0,0.61,0.863,-2.632,0.206,0.186,0.0,2012,2012
309,Gwen Stefani,218618.2,0.2,65.4,0.7846,0.8218,-2.9056,0.05194,0.13069999999999998,6.7652e-05,2004,2006
310,Gym Class Heroes,221665.75,0.5,63.75,0.65825,0.7455,-4.18175,0.0638,0.17155,0.0,2007,2011
311,H two O,207476.0,0.0,55.0,0.733,0.9,-4.758,0.0341,0.0085,0.0218,2008,2008
312,Halsey,191469.5,0.5,74.5,0.7135,0.6194999999999999,-5.2945,0.05005,0.1787,4.555e-06,2017,2018
313,Hayden James,217296.0,1.0,47.0,0.617,0.558,-7.046,0.0431,0.184,1.03e-06,2019,2019
314,Hilltop Hoods,239280.0,0.0,63.0,0.766,0.5,-7.558,0.0695,0.719,5.91e-06,2016,2016
315,Hinder,242293.0,0.0,32.5,0.4625,0.7130000000000001,-5.3405000000000005,0.03155,0.1129,6.1e-07,2019,2019
316,Holly Valance,204400.0,0.0,54.0,0.705,0.717,-4.944,0.125,0.00369,0.461,2002,2002
317,Hoobastank,232800.0,0.0,79.0,0.472,0.671,-4.649,0.029,0.0129,0.0,2003,2003
318,Hot Chelle Rae,200466.0,0.0,73.0,0.686,0.783,-4.977,0.119,0.0764,0.0,2011,2011
319,Houston,236520.0,0.0,59.0,0.797,0.502,-3.925,0.0968,0.0154,0.0,2004,2004
320,Hozier,241688.0,0.0,81.0,0.566,0.664,-5.303,0.0464,0.634,0.0,2014,2014
321,Huey,261026.0,0.0,52.0,0.723,0.644,-6.863,0.222,0.00308,0.0,2006,2006
322,Hugh Jackman,302146.0,0.0,72.0,0.417,0.824,-7.36,0.105,0.000239,0.0545,2017,2017
323,INNA,217036.0,0.0,42.0,0.817,0.939,-6.079,0.28,0.0798,0.441,2010,2010
324,Icona Pop,156962.5,1.0,59.5,0.7104999999999999,0.9035,-2.6784999999999997,0.029,0.0089,1.49e-05,2012,2013
325,Ida Corr,151973.0,0.0,43.0,0.762,0.754,-3.425,0.046,0.00022,0.0665,2012,2012
326,Iggy Azalea,204680.5,1.0,68.0,0.8275,0.718,-3.947,0.09684999999999999,0.1412,0.000193,2014,2014
327,Illy,255889.0,0.0,51.0,0.369,0.618,-6.304,0.249,0.161,0.0,2016,2016
328,Imagine Dragons,191086.16666666666,0.0,53.333333333333336,0.618,0.7261666666666667,-4.481333333333333,0.05378333333333333,0.10140500000000001,0.03505966666666666,2012,2018
329,Infernal,209666.0,0.0,57.0,0.741,0.869,-6.534,0.0816,0.096,0.0,2004,2004
330,Iyaz,182306.0,0.0,75.0,0.706,0.751,-6.323,0.0708,0.173,0.0,2009,2009
331,J Balvin,189029.0,0.0,53.0,0.548,0.701,-4.862,0.0914,0.0178,1.34e-05,2017,2017
332,J Kwon,247106.0,1.0,59.0,0.925,0.741,-5.827,0.315,0.0653,0.0,2001,2001
333,J. Cole,227376.5,1.0,40.0,0.752,0.487,-9.3835,0.2465,0.2355,0.0001015,2013,2019
334,J. Holiday,247579.5,0.0,61.0,0.5710000000000001,0.5255,-7.8294999999999995,0.2057,0.405,0.0,2007,2007
335,JLS,196113.0,0.0,19.5,0.7995,0.8565,-5.274,0.051949999999999996,0.0529,0.0,2009,2013
336,JUVENILE,248200.0,1.0,64.0,0.713,0.734,-4.894,0.325,0.548,0.0,2003,2003
337,Ja Rule,260297.33333333334,0.6666666666666666,66.0,0.8273333333333334,0.7066666666666667,-5.614333333333334,0.23633333333333337,0.10666666666666667,0.0,2001,2002
338,Jack U,250285.0,0.0,74.0,0.432,0.781,-4.038,0.0567,0.041,4.21e-06,2015,2015
339,Jack White,262240.0,0.0,56.0,0.486,0.765,-4.23,0.128,0.0239,3.02e-05,2007,2007
340,Jagged Edge,241115.33333333334,0.0,59.333333333333336,0.6893333333333334,0.6883333333333334,-5.2139999999999995,0.17306666666666667,0.18600000000000003,0.0,2000,2001
341,Jaheim,245773.0,1.0,55.0,0.649,0.536,-8.804,0.132,0.492,0.0,2002,2002
342,Jamelia,215480.0,0.0,69.0,0.801,0.645,-6.93,0.0356,0.0457,0.0,2003,2003
343,James Arthur,209440.0,0.0,75.0,0.376,0.695,-4.782,0.0933,0.135,0.0,2013,2013
344,James Blunt,246543.0,0.25,52.5,0.6005,0.55725,-9.02225,0.03965,0.45804999999999996,0.0025193999999999998,2005,2013
345,James Morrison,225748.75,0.0,61.75,0.535,0.6815,-5.6107499999999995,0.0506,0.1273675,0.0,2006,2011
346,Jamie Foxx,289746.0,1.0,65.0,0.673,0.614,-5.426,0.103,0.0782,0.0,2008,2008
347,Jamiroquai,295400.0,0.0,65.0,0.878,0.724,-5.373,0.129,0.168,0.0116,2001,2001
348,Janet Jackson,297479.5,0.0,56.0,0.762,0.865,-3.0460000000000003,0.0748,0.05835,0.03389,2001,2001
349,Jason Aldean,216806.5,0.0,51.5,0.647,0.6675,-5.0515,0.03205,0.487,1.18e-06,2009,2010
350,Jason Derulo,204864.18181818182,0.18181818181818182,63.45454545454545,0.6676363636363637,0.7411818181818183,-4.973909090909091,0.12554545454545454,0.09675454545454545,0.0,2010,2017
351,Jax Jones,196959.33333333334,0.3333333333333333,39.666666666666664,0.7276666666666666,0.7316666666666668,-5.2250000000000005,0.08800000000000001,0.15180000000000002,5.233333333333333e-05,2016,2019
352,Jay Rock,229670.0,1.0,71.0,0.645,0.705,-5.008,0.299,0.000813,0.0,2018,2018
353,Jay Sean,204301.66666666666,0.0,15.666666666666666,0.7713333333333333,0.6783333333333333,-4.785333333333334,0.0604,0.0375,0.0,2004,2009
354,Jay Z,253779.66666666666,1.0,67.75,0.7051666666666666,0.7941666666666666,-4.713333333333334,0.24595,0.14611666666666667,0.0005722108333333333,1999,2013
355,Jeezy,300653.0,1.0,62.0,0.669,0.6315,-6.9094999999999995,0.0406,0.0021295,0.0,2005,2008
356,Jennifer Hudson,250106.0,0.0,60.0,0.707,0.724,-3.887,0.051,0.0448,0.0,2008,2008
357,Jennifer Lopez,230322.3,0.2,51.7,0.7508,0.7557,-5.2426,0.12310000000000001,0.093728,0.000308037,2001,2012
358,Jeremih,240029.75,0.25,72.5,0.66275,0.593,-5.58375,0.0885,0.234225,0.0,2009,2015
359,Jessica Simpson,192926.0,0.0,50.0,0.605,0.8605,-3.677,0.0818,0.060399999999999995,4.42e-05,2001,2003
360,Jessie J,212379.75,0.25,70.25,0.69075,0.75425,-3.9005,0.089,0.08755,9.625e-07,2011,2014
361,Jibbs,207586.0,1.0,56.0,0.792,0.589,-6.869,0.262,0.0259,0.000128,2006,2006
362,Jim Jones,236080.0,1.0,0.0,0.685,0.8,-6.564,0.298,0.0847,0.0,2006,2006
363,Jimmy Eat World,165853.0,0.0,78.0,0.643,0.849,-5.428,0.0526,0.0371,0.0,2001,2001
364,JoJo,233213.0,0.0,48.5,0.5955,0.6679999999999999,-7.0145,0.14805000000000001,0.08365,3.4189999999999996e-05,2005,2006
365,Joe,254859.5,0.0,61.0,0.746,0.623,-6.2375,0.0769,0.15565,5.45e-06,2000,2000
366,Joel Adams,210580.0,0.0,71.0,0.513,0.768,-4.868,0.0587,0.0118,1.94e-05,2015,2015
367,Joel Corry,188640.0,0.0,63.0,0.744,0.79,-4.617,0.0562,0.0547,0.000802,2019,2019
368,John Legend,276873.0,0.0,69.5,0.522,0.573,-6.327,0.0756,0.5066,0.0,2008,2013
369,John Newman,239894.0,0.0,74.0,0.495,0.894,-4.814,0.0441,0.00453,0.000596,2013,2013
370,Jon Bellion,217603.0,1.0,70.0,0.617,0.567,-4.188,0.0828,0.0584,0.0,2016,2016
371,Jonas Blue,196264.5,0.0,47.0,0.7030000000000001,0.7415,-5.30175,0.04395,0.3185,0.0,2015,2018
372,Jonas Brothers,179706.33333333334,0.0,72.66666666666667,0.7680000000000001,0.7280000000000001,-4.803333333333334,0.0709,0.06010000000000001,0.0,2008,2019
373,Jordin Sparks,226848.66666666666,0.0,55.666666666666664,0.6483333333333333,0.6973333333333334,-4.3933333333333335,0.03423333333333333,0.1771,0.0,2007,2009
374,Juanes,216706.0,0.0,70.0,0.751,0.731,-4.419,0.0308,0.0838,0.0,2004,2004
375,Juice WRLD,239942.5,1.0,68.5,0.5980000000000001,0.629,-6.176,0.12285,0.3385,0.0,2018,2019
376,Junior Senior,181826.0,0.0,67.0,0.747,0.904,-2.623,0.0803,0.046,0.106,2002,2002
377,Just Jack,295933.0,0.0,52.0,0.67,0.8,-6.731,0.0652,0.00184,0.000356,2006,2006
378,Justin Bieber,209838.11111111112,0.0,56.888888888888886,0.6845555555555555,0.7135555555555555,-5.440222222222222,0.1114111111111111,0.1922308888888889,0.0003915555555555555,2009,2017
379,Justin Timberlake,322765.8181818182,0.2727272727272727,70.45454545454545,0.754,0.6704545454545454,-5.764636363636364,0.11351818181818181,0.18583636363636363,0.00015761818181818184,2002,2016
380,K Ci and JoJo,262773.0,0.0,30.0,0.68,0.644,-4.507,0.0258,0.084,0.0,2019,2019
381,K NAAN,220520.0,0.0,57.0,0.625,0.699,-6.416,0.0729,0.13,0.0,2009,2009
382,KALEO,219560.0,0.0,63.0,0.59,0.578,-5.798,0.0528,0.612,0.000162,2015,2015
383,KT Tunstall,187039.5,0.0,67.5,0.6675,0.7765,-6.750500000000001,0.05450000000000001,0.2765,0.0,2005,2005
384,Kaiser Chiefs,218364.0,0.0,62.666666666666664,0.44533333333333336,0.9579999999999999,-3.539,0.05616666666666667,0.011896666666666667,3.6666666666666666e-06,2005,2007
385,Kandi,243533.0,0.0,55.0,0.859,0.622,-8.196,0.0445,0.0661,0.0,2000,2000
386,Kanye West,240363.0,0.875,61.4375,0.618625,0.717375,-6.1133750000000004,0.23430625,0.106957875,0.031255019375,2004,2013
387,Kardinal Offishall,246053.0,1.0,75.0,0.949,0.79,-5.957,0.0756,0.00437,0.0,2008,2008
388,Kasabian,252279.0,0.0,64.0,0.525,0.742,-5.643,0.0311,0.0874,0.149,2009,2009
389,Katie Melua,224813.0,0.0,57.5,0.548,0.23299999999999998,-14.418,0.0317,0.6859999999999999,0.004443,2003,2005
390,Katy Perry,220263.1875,0.0,64.5625,0.6395625,0.778875,-4.5985,0.05621875,0.02336990625,3.4175e-06,2008,2017
391,Keane,186173.0,0.0,59.0,0.489,0.955,-2.771,0.0363,3.82e-05,0.000178,2006,2006
392,Kehlani,201787.0,1.0,74.0,0.61,0.725,-5.131,0.15,0.367,0.0,2019,2019
393,Kelis,221909.5,0.25,59.5,0.8592500000000001,0.7435,-5.341749999999999,0.122725,0.017160500000000002,0.008749335,2003,2006
394,Kelly Clarkson,219599.7142857143,0.0,63.714285714285715,0.5357142857142857,0.7884285714285715,-4.7090000000000005,0.05897142857142857,0.0847157142857143,0.008829285714285715,2003,2011
395,Kelly Rowland,226469.75,0.0,53.0,0.669,0.77225,-5.19575,0.07325,0.0540125,3.393e-05,2002,2011
396,Kendrick Lamar,245406.33333333334,1.0,48.333333333333336,0.7071666666666667,0.5956666666666667,-6.731166666666667,0.2129,0.0842605,4.287833333333333e-05,2012,2018
397,Kent Jones,198236.0,1.0,63.0,0.464,0.771,-4.503,0.336,0.0235,0.0,2016,2016
398,Keri Hilson,272724.0,0.3333333333333333,55.0,0.6383333333333333,0.777,-4.957999999999999,0.15566666666666665,0.07181666666666667,1.6066666666666666e-06,2008,2010
399,Kesha,203133.125,0.125,62.0,0.7275,0.748375,-4.261125,0.07575,0.026876425,0.000622075,2010,2012
400,Kevin Gates,240000.0,1.0,69.0,0.895,0.681,-5.267,0.358,0.157,0.0,2016,2016
401,Kevin Lyttle,192106.0,0.0,67.0,0.677,0.682,-6.879,0.0361,0.0405,0.0,2004,2004
402,Kevin Rudolf,231173.0,1.0,66.0,0.607,0.783,-4.41,0.0397,0.000683,0.0,2008,2008
403,Keyshia Cole,249799.66666666666,0.0,63.333333333333336,0.8046666666666668,0.699,-4.827333333333333,0.1012,0.14233333333333334,9.999999999999999e-05,2005,2007
404,Khalid,215559.5,0.0,71.5,0.575,0.6165,-7.979000000000001,0.07065,0.097,0.1955,2018,2018
405,Khia,222560.0,1.0,59.0,0.859,0.625,-4.234,0.13,0.0296,0.0,2015,2015
406,Kid Cudi,221240.0,0.0,72.0,0.88,0.443,-6.359,0.0653,0.462,7.13e-06,2009,2009
407,Kid Ink,217800.0,1.0,68.0,0.711,0.508,-7.299,0.0502,0.0355,0.0,2014,2014
408,Kiesza,251986.0,0.0,64.0,0.838,0.72,-4.135,0.0483,0.0862,0.00696,2014,2014
409,Kiiara,225882.0,0.0,55.0,0.6,0.412,-9.343,0.344,0.615,0.0025,2015,2015
410,Kings of Leon,203346.0,0.0,80.0,0.542,0.905,-5.653,0.054,0.00172,0.0104,2008,2008
411,Klangkarussell,238120.0,0.0,68.0,0.579,0.549,-8.262,0.0909,0.104,0.0202,2014,2014
412,Klaxons,165120.0,0.0,65.0,0.463,0.836,-2.776,0.0381,0.000418,7.38e-06,2007,2007
413,Klingande,201626.0,0.0,50.0,0.686,0.524,-7.251,0.0343,0.649,0.0569,2013,2013
414,Kodak Black,248472.5,1.0,64.0,0.679,0.546,-6.756,0.235,0.054849999999999996,4.955e-05,2017,2018
415,Kris Allen,212506.0,0.0,51.0,0.589,0.893,-2.948,0.0397,0.0273,0.0,2009,2009
416,Kungs,195561.0,0.0,0.0,0.79,0.705,-4.684,0.0383,0.0807,4.81e-05,2016,2016
417,Kygo,238535.33333333334,0.0,75.0,0.6613333333333333,0.6006666666666667,-7.178333333333334,0.11313333333333335,0.261,1.0566666666666667e-05,2016,2017
418,Kylie Minogue,211090.66666666666,0.0,56.5,0.6701666666666667,0.7603333333333334,-6.353666666666666,0.07851666666666667,0.10564499999999999,0.13039618333333333,2000,2007
419,LL Cool J,262764.3333333333,0.0,33.333333333333336,0.737,0.8226666666666667,-5.405333333333334,0.15946666666666667,0.08422666666666667,1.2333333333333334e-05,2002,2006
420,LMC,171546.0,0.0,59.0,0.668,0.905,-5.395,0.038,0.00232,0.0331,2004,2004
421,LMFAO,230813.0,0.0,70.0,0.729,0.7985,-4.1965,0.236,0.060300000000000006,0.0,2011,2011
422,La Roux,227179.5,0.0,65.0,0.6515,0.9255,-1.5234999999999999,0.0466,0.0011405,3.235e-05,2009,2009
423,Labrinth,274600.0,1.0,62.0,0.54,0.856,-3.966,0.1,0.109,0.0,2012,2012
424,Lady A,227640.0,0.0,68.0,0.587,0.6779999999999999,-5.1295,0.03125,0.2379,9.3e-05,2010,2011
425,Lady Gaga,248973.0,0.1,72.9,0.7213999999999999,0.7445999999999999,-5.298,0.05616,0.064643,0.001861607,2008,2018
426,Lana Del Rey,252336.83333333334,0.5,56.333333333333336,0.4668333333333334,0.6421666666666667,-8.119833333333334,0.043666666666666666,0.2647833333333333,0.0028135816666666666,2012,2019
427,Las Ketchup,213973.0,0.0,66.0,0.607,0.923,-6.777,0.0948,0.0193,1.1e-06,2002,2002
428,Lasgo,220973.0,0.0,65.0,0.643,0.981,-6.644,0.0439,0.0271,8.93e-05,2001,2001
429,Lauv,180009.0,0.0,41.5,0.6755,0.619,-7.3395,0.228,0.35550000000000004,1.275e-06,2018,2019
430,LeAnn Rimes,222666.0,0.0,63.0,0.5529999999999999,0.7849999999999999,-6.7325,0.0432,0.21150000000000002,4.79e-05,2001,2001
431,Lemaitre,270589.0,0.0,59.0,0.583,0.785,-3.991,0.0337,0.0012,0.0127,2017,2017
432,Lemar,229080.0,0.0,46.0,0.706,0.665,-5.348,0.0453,0.0128,0.0,2004,2004
433,Lenny Kravitz,231666.0,0.0,68.0,0.55,0.804,-5.218,0.0271,0.0148,4.33e-05,2000,2000
434,Leona Lewis,267163.0,0.0,65.25,0.442,0.595,-4.9925,0.036375000000000005,0.38775,9.3625e-06,2007,2007
435,Lewis Capaldi,182160.0,0.0,84.0,0.501,0.405,-5.679,0.0319,0.751,0.0,2019,2019
436,Liam Payne,224977.5,0.0,31.5,0.7050000000000001,0.636,-5.1065000000000005,0.0438,0.13135,0.0,2017,2018
437,Liberty X,237359.0,0.0,43.0,0.786,0.614,-6.554,0.0574,0.00616,0.0,2019,2019
438,Lifehouse,216360.0,0.0,61.0,0.537,0.858,-4.903,0.0349,0.000966,0.0,2000,2000
439,Lil Baby,142273.0,1.0,79.0,0.963,0.346,-9.309,0.53,0.0355,0.0,2018,2018
440,Lil Dicky,216631.0,1.0,70.0,0.755,0.599,-5.042,0.224,0.147,0.0,2018,2018
441,Lil Flip,225173.0,1.0,42.0,0.814,0.387,-9.867,0.0946,0.0248,0.0,2004,2004
442,Lil Jon,274386.0,0.0,67.0,0.835,0.757,-5.029,0.23,0.00647,0.0,2006,2006
443,Lil Jon and The East Side Boyz,292600.0,0.5,56.5,0.7275,0.5525,-7.101,0.1298,0.03805,0.0,2002,2004
444,Lil Kim,297386.5,1.0,47.5,0.851,0.625,-8.3515,0.3055,0.147,2.4775e-05,2003,2019
445,Lil Nas X,128319.66666666667,0.0,75.33333333333333,0.8293333333333334,0.581,-5.939333333333333,0.10139999999999999,0.15103333333333335,7.433333333333332e-07,2019,2019
446,Lil Peep,231546.0,1.0,77.0,0.534,0.583,-8.672,0.0288,0.0262,0.0,2017,2017
447,Lil Pump,124055.0,1.0,64.0,0.936,0.523,-6.71,0.0597,0.239,0.0,2017,2017
448,Lil Tecca,131240.0,1.0,78.0,0.745,0.642,-6.257,0.287,0.0204,0.0,2019,2019
449,Lil Uzi Vert,182706.0,1.0,81.0,0.732,0.75,-6.366,0.231,0.00264,0.0,2017,2017
450,Lil Wayne,253147.5,0.875,51.0,0.594,0.68225,-6.2095,0.191325,0.051057125,0.00076940375,2008,2016
451,Lilly Wood and The Prick,189399.0,0.0,66.0,0.76,0.886,-5.356,0.0258,0.0219,7.43e-06,2014,2014
452,Lily Allen,201742.0,1.0,58.333333333333336,0.6706666666666666,0.7823333333333333,-6.622666666666667,0.0355,0.15504333333333334,0.0033260666666666667,2006,2009
453,Limp Bizkit,268257.6666666667,0.3333333333333333,71.66666666666667,0.541,0.758,-5.208333333333333,0.08136666666666666,0.17347,0.102,2000,2003
454,Linkin Park,204103.0,0.125,74.375,0.551875,0.903875,-4.44275,0.053825000000000005,0.046976875,2.05e-07,2000,2012
455,Little Mix,225915.33333333334,0.0,0.6666666666666666,0.7626666666666667,0.8393333333333333,-3.889666666666667,0.0926,0.019924333333333336,0.00018807666666666666,2012,2017
456,Lloyd,253502.0,0.0,63.666666666666664,0.6406666666666666,0.7283333333333334,-6.507000000000001,0.26426666666666665,0.20066666666666666,0.0,2004,2007
457,Lloyd Banks,187280.0,1.0,61.0,0.759,0.825,-4.289,0.22,0.0923,0.00057,2004,2004
458,Logic,204746.0,1.0,69.0,0.667,0.741,-4.099,0.0378,0.0425,0.0,2018,2018
459,Lorde,199165.66666666666,0.3333333333333333,28.333333333333332,0.7153333333333333,0.5193333333333333,-7.315,0.09743333333333333,0.17066666666666666,0.0,2013,2017
460,Lost Frequencies,138842.0,0.0,33.0,0.776,0.574,-9.882,0.0317,0.466,7.83e-05,2014,2014
461,Loud Luxury,163216.0,0.0,0.0,0.752,0.764,-4.399,0.038,0.0476,9.44e-05,2017,2017
462,Lucenzo,213986.0,0.0,0.0,0.622,0.942,-6.365,0.112,0.00713,0.0,2011,2011
463,Ludacris,255844.11111111112,1.0,58.0,0.661,0.7143333333333334,-6.342777777777778,0.27636666666666665,0.14564222222222223,1.3666666666666667e-07,2000,2010
464,Luis Fonsi,200960.0,0.0,31.0,0.6965,0.839,-4.199,0.10585,0.12329999999999999,0.0,2017,2017
465,Lumidee,184906.0,0.0,61.0,0.811,0.657,-6.197,0.362,0.0391,0.712,2003,2003
466,Lunay,266086.0,0.0,70.0,0.795,0.783,-4.271,0.0432,0.361,0.0,2019,2019
467,Lupe Fiasco,264306.5,0.5,67.0,0.5814999999999999,0.8554999999999999,-4.927,0.238,0.11295,0.0,2007,2011
468,Lykke Li,281106.0,0.0,51.0,0.786,0.709,-5.737,0.0395,0.0192,0.00118,2011,2011
469,M.I.A.,205200.0,0.0,1.0,0.447,0.848,-6.175,0.222,0.033,7.45e-05,2007,2007
470,M.O,214253.0,0.0,54.0,0.813,0.701,-4.428,0.0449,0.178,0.0,2018,2018
471,M.O.P.,244466.0,1.0,54.0,0.656,0.88,-5.425,0.143,0.0421,0.0,2000,2000
472,M83,243960.0,0.0,76.0,0.507,0.729,-5.399,0.0393,0.0182,1.4e-06,2011,2011
473,MAGIC,224840.0,0.0,80.0,0.773,0.758,-4.993,0.0381,0.0422,0.0,2014,2014
474,MARINA,221284.0,0.0,64.0,0.675,0.7929999999999999,-3.6834999999999996,0.04215,0.051300000000000005,0.0,2012,2012
475,MEDUZA,152913.0,0.0,75.0,0.677,0.744,-6.806,0.0295,0.0404,0.00016,2019,2019
476,MGMT,301400.0,0.0,79.0,0.578,0.8215,-5.0135,0.0552,0.0054800000000000005,0.0028775,2007,2018
477,MIKA,211453.0,0.0,63.0,0.674,0.8705,-5.390000000000001,0.055900000000000005,0.027299999999999998,0.00659,2006,2006
478,MK,196489.0,0.0,65.0,0.703,0.832,-7.202,0.0689,0.00149,0.127,2017,2017
479,MKTO,175426.0,0.0,82.0,0.72,0.791,-4.689,0.124,0.0384,0.0,2012,2012
480,MNEK,213427.0,0.0,45.0,0.583,0.732,-5.728,0.0457,0.00312,9.86e-06,2015,2015
481,MO,235826.0,0.0,66.0,0.695,0.672,-6.109,0.0345,0.014,7.95e-05,2016,2016
482,Mabel,174146.5,0.0,38.5,0.6525000000000001,0.8420000000000001,-2.9135,0.151,0.48550000000000004,1.505e-06,2019,2019
483,Mac Miller,165908.0,1.0,61.0,0.636,0.901,-7.094,0.118,0.119,0.0,2011,2011
484,Machine Gun Kelly,202804.0,0.0,71.0,0.653,0.718,-5.232,0.213,0.00413,0.0,2017,2017
485,Macklemore,220454.0,1.0,74.0,0.731,0.794,-5.126,0.0522,0.0323,2.59e-05,2017,2017
486,Macklemore and Ryan Lewis,246977.5,0.5,41.0,0.7110000000000001,0.724,-5.721,0.1858,0.0455,0.0,2012,2012
487,Madcon,216146.0,0.0,70.0,0.715,0.8,-5.144,0.057,0.0271,0.0,2007,2007
488,Madison Avenue,228140.0,0.0,56.0,0.808,0.982,-6.588,0.0311,0.0585,0.00689,1999,1999
489,Madonna,269256.375,0.0,60.625,0.71075,0.795,-6.358625,0.0562,0.071255,0.0341425,2000,2009
490,Maggie Lindemann,193613.0,1.0,61.0,0.703,0.868,-4.661,0.0291,0.15,0.132,2017,2017
491,Major Lazer,176016.66666666666,0.0,40.666666666666664,0.6923333333333334,0.828,-3.985,0.057433333333333336,0.03818666666666667,0.0006876666666666666,2015,2016
492,Maluma,184720.0,0.0,69.0,0.722,0.738,-6.073,0.247,0.328,1.47e-05,2018,2018
493,Manic Street Preachers,235693.0,0.0,53.0,0.344,0.921,-3.049,0.0459,0.00143,1.13e-05,2007,2007
494,Mann,224333.0,1.0,48.0,0.687,0.939,-4.372,0.146,0.0887,0.0,2011,2011
495,Marc Anthony,347106.0,0.0,56.0,0.578,0.894,-5.42,0.0296,0.0103,2.66e-06,1999,1999
496,Mariah Carey,221446.5,0.0,29.5,0.667125,0.575875,-6.0635,0.0568875,0.207975,0.0,1999,2011
497,Marilyn Manson,200426.0,0.0,60.0,0.622,0.876,-7.779,0.0728,0.00107,1.83e-06,2003,2003
498,Mario,252879.5,0.5,61.5,0.548,0.5475,-8.162500000000001,0.2276,0.3315,0.0,2004,2009
499,Mario Winans,257333.0,0.0,66.0,0.833,0.515,-5.0,0.0462,0.347,0.00156,2016,2016
500,Mark Ronson,234872.75,0.25,51.75,0.6952499999999999,0.78825,-5.547499999999999,0.06105000000000001,0.0054225,0.000129345,2007,2018
501,Maroon 5,219324.76923076922,0.38461538461538464,55.76923076923077,0.7035384615384616,0.7420000000000001,-5.2599230769230765,0.049938461538461536,0.09605923076923076,2.7538461538461535e-05,2002,2018
502,Marshmello,205159.33333333334,0.16666666666666666,75.83333333333333,0.6115,0.8055,-3.1168333333333336,0.06853333333333333,0.12583333333333332,0.00258416,2016,2019
503,Martin Garrix,197568.66666666666,0.0,51.0,0.5593333333333333,0.6576666666666667,-6.3389999999999995,0.04493333333333333,0.06662333333333333,0.14833333333333334,2013,2017
504,Martin Jensen,174933.0,0.0,0.0,0.744,0.836,-2.396,0.0507,0.0435,0.0,2016,2016
505,Martin Solveig,159693.0,0.0,48.0,0.8,0.677,-4.023,0.0393,0.00563,0.00409,2015,2015
506,Mary J. Blige,269568.5,0.16666666666666666,61.0,0.6615,0.7373333333333334,-5.0361666666666665,0.1154,0.17603333333333335,0.00011289999999999999,2001,2007
507,Mary Mary,198346.0,0.0,64.0,0.779,0.834,-2.773,0.162,0.0343,0.0,2000,2000
508,Matchbox Twenty,242419.5,0.0,58.5,0.387,0.8089999999999999,-6.0385,0.03945,0.0351,1.925e-06,2000,2002
509,Matt Cardle,226000.0,0.0,46.0,0.443,0.683,-5.521,0.0343,0.0198,5.26e-06,2011,2011
510,Meck,189800.0,0.0,46.0,0.679,0.922,-4.67,0.0294,0.000241,0.69,2005,2005
511,Meek Mill,202247.5,1.0,73.0,0.739,0.577,-5.8265,0.14675,0.1416,0.0,2015,2018
512,Megan Thee Stallion,199427.0,1.0,69.0,0.872,0.814,-4.568,0.155,0.00485,1.96e-06,2019,2019
513,Meghan Trainor,194697.33333333334,0.3333333333333333,70.33333333333333,0.7130000000000001,0.8383333333333334,-4.242333333333334,0.10323333333333333,0.0401,1.8366666666666665e-06,2015,2017
514,Melanie C,323186.5,0.0,57.5,0.6054999999999999,0.744,-5.489,0.04025,0.046635,0.000835,1999,1999
515,Metro Station,179946.0,0.0,67.0,0.618,0.955,-3.836,0.0798,0.00221,3.09e-06,2007,2007
516,MiMS,253706.0,1.0,59.0,0.621,0.6,-6.349,0.576,0.277,0.0,2007,2007
517,Michael Jackson,337733.0,0.0,64.0,0.854,0.673,-3.132,0.185,0.038,0.000227,2001,2001
518,Michel Telo,166866.0,0.0,0.0,0.676,0.935,-4.55,0.0692,0.357,0.0,2012,2012
519,Michelle Branch,217680.0,0.0,60.0,0.499,0.72,-9.101,0.0286,0.00466,0.00303,2001,2001
520,Migos,276518.1666666667,1.0,70.5,0.8898333333333334,0.6658333333333334,-5.097666666666666,0.22666666666666666,0.121805,4.3333333333333335e-07,2017,2018
521,Miguel,195373.0,0.0,78.0,0.684,0.607,-8.127,0.1,0.0267,0.000307,2010,2010
522,Mike Perry,183414.0,0.0,70.0,0.632,0.575,-6.478,0.029,0.0225,1.81e-06,2016,2016
523,Mike Posner,205613.0,0.5,76.0,0.716,0.7669999999999999,-5.637499999999999,0.07919999999999999,0.10715,4.21e-06,2010,2016
524,Miley Cyrus,202666.4,0.0,46.8,0.6234,0.7125999999999999,-4.9479999999999995,0.08612,0.092108,3.768e-05,2007,2013
525,Milky Chance,313684.0,0.0,73.0,0.885,0.581,-8.813,0.0378,0.427,0.000204,2014,2014
526,Mis Teeq,223120.0,0.0,52.5,0.7645,0.7935000000000001,-3.5025,0.0592,0.2113,0.004315,2004,2004
527,Missy Elliott,241989.57142857142,1.0,59.57142857142857,0.8014285714285715,0.6561428571428571,-7.786285714285714,0.27599999999999997,0.21564285714285716,0.01665471,1998,2005
528,Modjo,307153.0,0.0,77.0,0.72,0.808,-5.627,0.0379,0.00793,0.0293,2001,2001
529,Moloko,318280.0,0.0,54.0,0.682,0.743,-10.644,0.165,0.35,0.000129,2000,2000
530,Monica,242773.0,0.0,64.0,0.618,0.552,-6.863,0.0981,0.176,0.0,2003,2003
531,Montell Jordan,276266.0,0.0,59.0,0.813,0.491,-9.923,0.077,0.241,4.61e-05,1999,1999
532,Mr. Probz,208133.0,0.0,2.0,0.829,0.51,-9.334,0.0369,0.00821,0.0014,2014,2014
533,Mumford and Sons,245173.0,1.0,68.0,0.517,0.492,-8.05,0.0272,0.0275,3.19e-05,2009,2009
534,Muse,258639.5,0.0,75.0,0.635,0.913,-3.8865,0.060700000000000004,0.024701,0.034585,2006,2009
535,Musiq Soulchild,279579.5,0.0,29.0,0.49049999999999994,0.5775,-7.988,0.11495,0.402,7.5e-07,2000,2002
536,Mustard,192470.0,1.0,75.0,0.682,0.559,-5.545,0.127,0.174,0.0,2019,2019
537,My Chemical Romance,236513.0,0.0,78.0,0.34,0.881,-3.583,0.06920000000000001,0.0254445,5.5e-05,2006,2006
538,Mya,223219.5,0.0,53.5,0.8015,0.6915,-5.603,0.07475,0.12440000000000001,5.515e-05,2000,2003
539,Mystikal,256973.0,1.0,57.0,0.914,0.607,-5.658,0.32,0.0626,0.0,2000,2000
540,N.E.R.D,213786.0,0.0,57.0,0.766,0.851,-4.831,0.0786,0.00402,0.000744,2004,2004
541,N.O.R.E.,264653.0,1.0,58.0,0.791,0.863,-6.118,0.151,0.317,1.13e-06,2002,2002
542,NF,212120.0,0.0,79.0,0.662,0.714,-5.68,0.121,0.312,0.0,2017,2017
543,NLE Choppa,176631.0,1.0,0.0,0.894,0.511,-4.768,0.42,0.0251,0.0,2019,2019
544,NSG,240081.0,1.0,57.0,0.836,0.621,-4.684,0.0894,0.389,9.16e-05,2020,2020
545,NSYNC,234300.0,0.0,55.0,0.6755,0.753,-5.80675,0.07037500000000001,0.1491,0.00026428499999999995,2000,2001
546,Nas,253720.0,0.0,58.0,0.837,0.885,-3.914,0.182,0.103,0.0,2002,2002
547,Natalie Imbruglia,222653.0,0.0,52.0,0.489,0.798,-4.49,0.0316,0.00115,2.81e-06,2005,2005
548,Natalie La Rose,189906.0,0.0,66.0,0.83,0.52,-8.714,0.0376,0.000792,1.25e-05,2014,2014
549,Natasha Bedingfield,231386.5,0.0,32.0,0.716,0.8405,-5.1125,0.0395,0.10442000000000001,0.0,2004,2008
550,Natti Natasha,232549.0,0.0,74.0,0.814,0.813,-3.023,0.0561,0.03,9.33e-05,2017,2017
551,Naughty Boy,220779.0,0.0,58.0,0.754,0.677,-4.399,0.0316,0.112,0.0,2013,2013
552,Ne Yo,239871.375,0.0,67.75,0.678625,0.64225,-6.460375,0.1012875,0.3369375,2.304e-05,2006,2012
553,Nelly,272973.8181818182,0.7272727272727273,65.0909090909091,0.7342727272727273,0.6488181818181818,-6.675999999999999,0.13190000000000002,0.09385363636363636,1.5332727272727272e-05,2000,2016
554,Nelly Furtado,248706.4,0.0,48.8,0.737,0.7812,-5.7162,0.0716,0.07050000000000001,0.000372136,2000,2006
555,Neon Trees,212306.0,0.0,64.0,0.482,0.829,-5.576,0.0437,0.00034,0.0,2010,2010
556,Next,243666.0,0.0,52.0,0.829,0.652,-8.693,0.108,0.067,0.0,2004,2004
557,Nick Jonas,228213.0,0.5,34.5,0.6695,0.6659999999999999,-4.4254999999999995,0.0784,0.1331,0.0,2014,2016
558,Nick Lachey,244613.0,0.0,37.0,0.42,0.742,-5.665,0.0375,0.142,0.0,2006,2006
559,Nickelback,232473.77777777778,0.0,67.77777777777777,0.49533333333333335,0.8578888888888889,-4.5793333333333335,0.038099999999999995,0.005639188888888889,0.0002313222222222222,2001,2011
560,Nicki Minaj,229293.0,1.0,51.6,0.775,0.742,-4.4968,0.14357999999999999,0.15242,3.396e-06,2010,2014
561,Nicky Jam,189760.0,0.0,62.5,0.665,0.734,-4.5685,0.04585,0.1449,0.00053,2017,2019
562,Nico and Vinz,245866.0,0.0,76.0,0.729,0.675,-6.003,0.0312,0.175,1.58e-06,2014,2014
563,Nicole Scherzinger,197440.0,0.0,62.0,0.66,0.797,-6.096,0.0262,0.00646,0.000108,2011,2011
564,Nina Sky,232000.0,0.0,67.0,0.87,0.712,-6.313,0.0432,0.0202,0.000331,2004,2004
565,Nio Garcia,417920.0,1.0,76.0,0.903,0.675,-3.445,0.214,0.542,1.28e-05,2018,2018
566,No Doubt,244599.75,0.0,34.25,0.70425,0.75075,-4.35175,0.06415,0.07693,0.0033703925,2001,2003
567,Normani,193837.0,0.0,71.0,0.599,0.887,-3.967,0.0984,0.0192,1.21e-06,2019,2019
568,O Zone,215431.0,0.0,56.0,0.809,0.965,-3.947,0.0427,0.177,0.0,2004,2004
569,O.T. Genasis,239573.0,1.0,61.0,0.886,0.628,-5.949,0.131,0.00215,1.15e-05,2014,2014
570,OPM,257426.0,1.0,56.0,0.743,0.894,-6.886,0.0349,0.0755,0.00283,2000,2000
571,Oasis,278666.0,0.0,0.0,0.408,0.849,-5.631,0.0333,0.0136,2.51e-05,2000,2000
572,Of Monsters and Men,266600.0,0.0,79.0,0.457,0.757,-5.177,0.032,0.0206,0.0,2012,2012
573,Offset,189301.5,1.0,74.0,0.8995,0.525,-7.832,0.15284999999999999,0.1885,2.737e-05,2017,2019
574,Oliver Heldens,165440.0,0.0,67.0,0.609,0.885,-5.469,0.0642,0.00521,1.15e-05,2014,2014
575,Olly Murs,200831.6,0.0,24.0,0.7188,0.853,-4.336799999999999,0.04976,0.054414000000000004,1.7459999999999999e-06,2011,2014
576,Omarion,241503.0,0.5,56.0,0.754,0.7035,-5.5504999999999995,0.08860000000000001,0.12935,0.0,2006,2014
577,One Direction,208916.66666666666,0.0,69.22222222222223,0.6344444444444445,0.7605555555555555,-4.562666666666667,0.052922222222222225,0.15297,0.0,2012,2015
578,OneRepublic,224061.625,0.125,65.625,0.56325,0.80775,-5.079625,0.0778875,0.12045,1.16875e-06,2007,2017
579,Orson,167493.0,0.0,46.0,0.656,0.624,-4.623,0.0691,0.0065,0.0,2006,2006
580,Otto Knows,192866.0,0.0,0.0,0.582,0.894,-6.298,0.041,0.0022,0.0223,2012,2012
581,OutKast,258766.25,0.75,69.75,0.81375,0.80725,-4.82875,0.1957,0.11695,0.00016158,2000,2003
582,Owl City,217139.5,0.0,77.5,0.536,0.767,-5.5329999999999995,0.09195,0.0257,3.49e-06,2009,2012
583,Ozuna,176133.0,0.0,72.0,0.754,0.805,-4.249,0.0752,0.315,0.0,2018,2018
584,P.O.D.,256240.0,0.0,69.0,0.563,0.86,-7.533,0.0621,0.00834,0.0106,2001,2001
585,PARTYNEXTDOOR,202661.0,0.0,62.0,0.598,0.496,-9.309,0.0804,0.0253,0.00132,2016,2016
586,PSY,219493.0,0.0,72.0,0.727,0.937,-2.871,0.286,0.00417,0.0,2012,2012
587,Paloma Faith,232893.0,0.0,80.0,0.566,0.885,-4.528,0.0818,0.0958,9.97e-05,2014,2014
588,Panic At The Disco,188266.0,0.0,75.0,0.5725,0.8594999999999999,-3.605,0.1009,0.13335,0.0,2005,2018
589,Panjabi MC,244666.0,0.0,61.0,0.778,0.879,-4.951,0.0371,0.399,0.792,2003,2003
590,Papa Roach,208199.0,0.0,60.0,0.455,0.929,-3.295,0.0494,0.0875,0.0,2004,2004
591,Paramore,213766.5,0.0,75.5,0.5595,0.9145000000000001,-3.7199999999999998,0.05875,0.00626,4.63e-06,2007,2013
592,Passenger,252866.0,0.0,73.0,0.509,0.538,-7.335,0.0572,0.385,0.0,2012,2012
593,Paulo Londra,256971.0,0.0,72.0,0.767,0.709,-4.47,0.336,0.323,0.0,2019,2019
594,Pedro Capo,238200.0,0.0,74.0,0.826,0.773,-4.218,0.0524,0.323,0.0,2018,2018
595,Peking Duk,228000.0,0.0,48.0,0.525,0.803,-4.052,0.0492,0.00129,0.000868,2014,2014
596,Pendulum,313346.0,0.0,57.0,0.356,0.966,-4.13,0.0825,0.000262,0.148,2008,2008
597,Petey Pablo,235186.0,1.0,56.0,0.737,0.697,-3.716,0.254,0.0756,0.0,2003,2003
598,Petit Biscuit,237792.0,0.0,71.0,0.783,0.467,-9.474,0.0503,0.729,0.809,2015,2015
599,Pharrell Williams,234613.0,0.5,73.0,0.7705,0.613,-5.2875,0.1565,0.336,7.85e-07,2003,2014
600,Philip George,177560.0,0.0,65.0,0.654,0.832,-4.164,0.0293,0.0126,0.0901,2014,2014
601,Pia Mia,207746.0,1.0,72.0,0.712,0.564,-6.527,0.047,0.0266,0.0,2015,2015
602,Pink,221575.92857142858,0.42857142857142855,50.57142857142857,0.6602857142857143,0.7884285714285715,-4.973999999999999,0.07700714285714286,0.018925142857142856,0.00045285714285714287,2000,2016
603,Pitbull,228756.77777777778,0.1111111111111111,72.11111111111111,0.7007777777777778,0.8365555555555555,-4.551222222222222,0.1201,0.04798555555555555,3.0022222222222216e-05,2009,2014
604,Pixie Lott,196520.0,0.0,54.0,0.451,0.873,-4.711,0.19,0.171,0.0,2009,2009
605,Plain White T s,232533.0,0.0,78.0,0.656,0.291,-10.572,0.0293,0.872,0.0,2005,2005
606,Plan B,208853.0,0.0,62.0,0.72,0.538,-5.85,0.141,0.301,3.03e-06,2010,2010
607,Playboi Carti,181812.0,1.0,77.0,0.791,0.582,-7.323,0.286,0.0114,0.0,2017,2017
608,Plies,228222.0,1.0,62.666666666666664,0.644,0.6933333333333334,-6.862333333333333,0.12423333333333335,0.11863333333333333,0.0,2007,2008
609,Polo G,166560.0,1.0,78.0,0.772,0.639,-7.119,0.467,0.15,0.0,2019,2019
610,Post Malone,198561.375,0.75,70.625,0.688,0.6172500000000001,-5.407375,0.079,0.3155,0.00031398499999999997,2016,2019
611,Pretty Ricky,240119.66666666666,0.6666666666666666,59.666666666666664,0.7473333333333333,0.662,-5.708000000000001,0.11366666666666665,0.06490133333333332,0.0,2005,2007
612,Professor Green,235735.0,1.0,39.0,0.656,0.752,-5.522,0.0434,0.336,0.0,2011,2011
613,Puddle Of Mudd,260340.0,0.5,67.0,0.506,0.8420000000000001,-4.984999999999999,0.04425,0.00813,0.0,2001,2001
614,R. City,227480.0,0.0,77.0,0.509,0.671,-5.709,0.0678,0.304,0.0,2015,2015
615,Rachel Stevens,208386.0,0.0,38.0,0.85,0.862,-3.587,0.138,0.0733,0.00144,2003,2003
616,Rae Sremmurd,258098.25,1.0,71.75,0.76975,0.56575,-7.008750000000001,0.108,0.09365,3.3999999999999996e-06,2015,2018
617,Rag n Bone Man,219906.0,0.0,71.5,0.583,0.726,-5.915,0.306,0.329,0.0,2017,2017
618,Rascal Flatts,245439.5,0.0,34.5,0.549,0.805,-5.2715,0.0445,0.005325,0.0,2006,2006
619,Ray J,270840.0,0.5,31.5,0.55,0.668,-6.5245,0.3025,0.2885,0.0,2005,2008
620,Razorlight,236106.5,0.0,63.0,0.5315,0.7115,-4.234999999999999,0.036250000000000004,0.149395,0.00043313000000000005,2006,2006
621,Red Hot Chili Peppers,273422.0,0.0,75.16666666666667,0.5321666666666667,0.875,-3.700333333333333,0.055433333333333334,0.03064666666666667,0.0029463483333333333,1999,2011
622,Regard,157605.0,0.0,81.0,0.88,0.751,-4.258,0.0874,0.177,6.43e-05,2019,2019
623,Reik,221653.0,0.0,1.0,0.777,0.779,-4.449,0.0972,0.0543,0.0,2018,2018
624,Rich Boy,263920.0,1.0,57.0,0.697,0.86,-5.181,0.43,0.0368,0.0,2007,2007
625,Rich Homie Quan,176674.0,1.0,1.0,0.676,0.615,-7.534,0.0496,0.0384,0.0,2015,2015
626,Rich The Kid,175229.0,1.0,72.0,0.876,0.519,-6.531,0.143,0.202,0.0,2018,2018
627,Ricky Martin,266666.0,0.0,56.0,0.6325000000000001,0.9019999999999999,-4.516,0.0709,0.0033525,0.004153255,2000,2008
628,Rihanna,235169.52173913043,0.34782608695652173,72.26086956521739,0.6545652173913044,0.6648695652173913,-5.644869565217391,0.08221739130434783,0.15461152173913043,0.006612162608695653,2005,2016
629,Rita Ora,223395.5,0.25,55.5,0.6805,0.83775,-3.63775,0.055099999999999996,0.11745,0.0,2012,2017
630,Rixton,193733.0,0.0,77.0,0.545,0.783,-4.261,0.0345,0.00489,0.0,2014,2014
631,Rizzle Kicks,186851.0,0.0,59.0,0.753,0.88,-4.689,0.0806,0.087,0.0,2011,2011
632,Rob Stone,177184.0,1.0,76.0,0.886,0.427,-10.028,0.145,0.0312,0.00099,2016,2016
633,Rob Thomas,226640.0,0.0,56.0,0.551,0.896,-3.152,0.109,0.033,0.0,2005,2005
634,Robbie Williams,240511.5,0.0,56.5,0.6365,0.6983333333333334,-6.842,0.034,0.17298499999999997,0.00826711,2000,2012
635,Robin Schulz,219043.0,0.0,76.0,0.636,0.815,-5.098,0.0581,0.0185,0.0,2015,2015
636,Robin Thicke,263053.0,0.0,55.0,0.861,0.504,-7.707,0.0489,0.00412,1.78e-05,2013,2013
637,Robyn,271795.0,0.0,18.0,0.5820000000000001,0.865,-4.5625,0.0372,0.041535,0.1125226,2005,2010
638,Roger Sanchez,452906.0,0.0,50.0,0.61,0.82,-10.029,0.0312,0.000211,0.146,2000,2000
639,Ronan Keating,220701.66666666666,0.0,59.0,0.5836666666666667,0.7286666666666667,-7.1066666666666665,0.0405,0.1502666666666667,4.231666666666667e-05,2000,2002
640,Room 5,212413.0,0.0,57.0,0.883,0.887,-4.92,0.116,0.0111,0.63,2003,2003
641,Route 94,259934.0,0.0,72.0,0.814,0.622,-7.573,0.0492,0.000132,0.72,2014,2014
642,Rudimental,268886.0,0.0,65.0,0.4665,0.717,-6.1035,0.054650000000000004,0.00262,0.004886,2013,2013
643,Ruff Endz,242560.0,0.0,52.0,0.839,0.641,-5.669,0.0858,0.0324,4.56e-06,2000,2000
644,Rui Da Silva,213133.0,0.0,54.0,0.464,0.922,-8.399,0.0638,0.124,0.227,2001,2001
645,Russ Millions,252906.0,1.0,69.0,0.863,0.471,-9.545,0.478,0.251,0.0,2019,2019
646,Ryan Cabrera,204173.0,0.0,62.0,0.598,0.4,-10.054,0.0241,0.459,0.0,2004,2004
647,S Club 7,217579.5,0.0,61.5,0.7035,0.687,-5.9335,0.0327,0.28325,0.0,2001,2001
648,SAYGRACE,199314.0,0.0,55.0,0.336,0.664,-5.68,0.102,0.166,1.31e-06,2015,2015
649,Sak Noel,215624.0,1.0,49.0,0.926,0.808,-3.148,0.0599,0.000915,0.00327,2011,2011
650,Sam Feldt,174444.0,0.0,69.0,0.59,0.642,-3.87,0.122,0.0771,0.0,2019,2019
651,Sam Smith,197954.0,0.0,73.42857142857143,0.5602857142857143,0.5377142857142857,-6.737,0.0705,0.4495714285714286,5.5020000000000005e-05,2014,2019
652,Sam Sparro,212360.0,0.0,53.0,0.383,0.703,-5.65,0.0763,0.00116,2.39e-05,2008,2008
653,Samantha Mumba,201946.0,0.0,43.0,0.729,0.632,-8.75,0.0279,0.191,0.0,2018,2018
654,Sammie,251040.0,0.0,55.0,0.826,0.656,-8.529,0.0617,0.0101,0.000113,2000,2000
655,Sandi Thom,151640.0,0.0,61.0,0.7,0.465,-6.815,0.358,0.544,0.0,2006,2006
656,Santana,242206.5,0.0,61.5,0.6859999999999999,0.7224999999999999,-5.3045,0.07955,0.02715,0.001005,1999,2007
657,Savage Garden,281466.0,0.0,54.0,0.581,0.607,-8.458,0.028,0.189,1.6e-06,1999,1999
658,Saving Abel,222826.0,1.0,69.0,0.512,0.864,-4.146,0.0338,0.000821,0.0,2008,2008
659,Saweetie,126446.0,1.0,71.0,0.899,0.811,-6.294,0.258,0.000677,0.0,2019,2019
660,ScHoolboy Q,237701.33333333334,1.0,20.333333333333332,0.7383333333333333,0.7386666666666667,-5.858666666666667,0.0716,0.015226666666666666,2.4599999999999997e-06,2012,2014
661,Scissor Sisters,277200.0,0.0,53.0,0.755,0.9235,-4.9375,0.033350000000000005,0.12825,0.00835,2004,2006
662,Scooter,221282.5,0.0,46.5,0.5065,0.9185000000000001,-6.4595,0.0373,0.0009339999999999999,0.0673,2013,2013
663,Scouting For Girls,210680.0,0.0,52.0,0.458,0.905,-4.157,0.0451,0.000431,0.0,2017,2017
664,Sean Kingston,225999.5,0.0,72.0,0.76825,0.7482500000000001,-4.2692499999999995,0.05085,0.060425,0.0,2007,2010
665,Sean Paul,230001.44444444444,0.1111111111111111,67.88888888888889,0.7896666666666667,0.7614444444444444,-4.4526666666666666,0.13447777777777778,0.14492488888888888,5.711111111111112e-06,2002,2018
666,Sebastian Ingrosso,221272.0,0.0,68.0,0.485,0.724,-4.633,0.0521,0.0736,0.0,2013,2013
667,Sech,225933.0,1.0,71.0,0.746,0.7,-4.669,0.341,0.136,0.000159,2019,2019
668,Seether,193893.0,1.0,73.0,0.611,0.95,-3.509,0.0518,0.00141,1.59e-06,2007,2007
669,Selena Gomez,215999.57142857142,0.14285714285714285,58.142857142857146,0.6604285714285715,0.7358571428571429,-4.851,0.04705714285714285,0.05596428571428571,3.935857142857143e-05,2013,2017
670,Selena Gomez & The Scene,195550.66666666666,0.0,72.66666666666667,0.715,0.8356666666666667,-4.063666666666666,0.048633333333333334,0.05963333333333334,3.366666666666667e-07,2009,2011
671,September,209800.0,0.0,65.0,0.767,0.881,-3.988,0.0301,0.00133,0.000139,2007,2007
672,Shaggy,227600.0,0.0,76.0,0.853,0.606,-4.596,0.0713,0.0561,0.0,2000,2000
673,Shakira,208015.6,0.0,72.0,0.7586,0.7452,-5.779400000000001,0.04798,0.30534,0.00330388,2001,2009
674,Shawn Mendes,202946.33333333334,0.0,51.833333333333336,0.6756666666666667,0.726,-5.051666666666667,0.11088333333333333,0.12689999999999999,0.0,2015,2019
675,Shayne Ward,221333.0,0.0,1.0,0.393,0.503,-6.0265,0.0298,0.4495,0.0,2006,2006
676,Sheck Wes,183906.0,1.0,77.0,0.729,0.625,-5.266,0.0315,0.194,0.00986,2018,2018
677,Sheppard,218227.0,0.0,0.0,0.707,0.771,-6.275,0.0783,0.434,0.0013,2014,2014
678,Shinedown,222066.0,0.0,67.0,0.46,0.796,-4.501,0.0333,0.00107,0.0,2008,2008
679,Shontelle,226533.0,0.0,35.0,0.599,0.624,-3.631,0.0343,0.385,0.0,2010,2010
680,Shop Boyz,253400.0,1.0,61.0,0.619,0.709,-4.633,0.0395,0.00541,0.0,2007,2007
681,Sia,227089.75,0.0,70.75,0.52,0.77575,-4.734,0.145125,0.024425,0.0001391275,2014,2016
682,Sidney Samson,320348.0,1.0,47.0,0.804,0.976,-2.458,0.0445,0.00023,0.894,2009,2009
683,Sigala,212538.33333333334,0.0,58.666666666666664,0.6773333333333333,0.9156666666666666,-3.075333333333333,0.05736666666666667,0.11943333333333334,0.00043492666666666667,2015,2019
684,Sigma,189720.0,0.0,62.0,0.441,0.921,-3.32,0.0436,0.000526,6.34e-06,2014,2014
685,Silento,185131.0,0.0,0.0,0.819,0.768,-8.522,0.134,0.234,0.0,2015,2015
686,Simply Red,199040.0,0.0,58.0,0.791,0.733,-5.123,0.029,0.00189,0.201,2008,2008
687,Sisqo,263979.5,1.0,64.5,0.726,0.6655,-7.326,0.07125000000000001,0.20049999999999998,4.82e-05,1999,1999
688,Skillet,178013.0,0.0,75.0,0.64,0.957,-2.336,0.0741,0.0431,0.0,2009,2009
689,Skrillex,215253.0,1.0,70.0,0.716,0.972,-2.302,0.196,0.0145,3.22e-05,2011,2011
690,Snoop Dogg,241810.66666666666,0.6666666666666666,60.166666666666664,0.8348333333333334,0.7161666666666666,-5.0183333333333335,0.11836666666666666,0.10251666666666666,0.0003607666666666667,2004,2011
691,Snow Patrol,273333.0,0.0,35.0,0.467,0.921,-4.554,0.045,5.48e-05,0.0566,2006,2006
692,So Solid Crew,302826.0,1.0,51.0,0.607,0.637,-11.072,0.241,0.0191,0.0,2001,2001
693,Sofia Reyes,201526.0,0.0,65.0,0.792,0.895,-3.112,0.0589,0.165,0.0,2018,2018
694,Sonique,240866.0,0.0,62.0,0.634,0.677,-7.278,0.0304,0.0117,0.00103,2000,2000
695,Sophie Ellis Bextor,230013.0,0.0,62.0,0.734,0.848,-5.285,0.0309,0.00312,1.16e-05,2002,2002
696,Soulja Boy,207217.33333333334,0.3333333333333333,69.66666666666667,0.68,0.7213333333333333,-3.021666666666667,0.0725,0.17815633333333333,0.0,2007,2008
697,Special D.,185133.0,0.0,61.0,0.739,0.999,-5.077,0.0803,0.13,0.00224,2004,2004
698,Spiderbait,205973.0,0.0,63.0,0.562,0.865,-6.476,0.0922,2.06e-05,0.591,2004,2004
699,Staind,264706.0,1.0,64.0,0.509,0.774,-4.054,0.0338,0.00189,0.000549,2001,2001
700,Starley,222040.0,0.0,48.0,0.67,0.838,-4.031,0.0362,0.0605,0.000611,2016,2016
701,Steps,197360.0,0.0,53.0,0.573,0.665,-5.081,0.0239,0.108,2.09e-06,2000,2000
702,Stereophonics,297426.0,0.0,69.0,0.506,0.93,-3.499,0.0675,0.129,0.00682,2005,2005
703,Steve Aoki,198774.0,0.0,63.0,0.647,0.932,-3.515,0.0824,0.00383,1.5e-06,2016,2016
704,Sting,285960.0,0.0,62.0,0.586,0.659,-7.92,0.0304,0.011,0.0,1999,1999
705,Storm Queen,150400.0,0.0,0.0,0.832,0.815,-8.035,0.081,0.00304,0.00553,2014,2014
706,Stormzy,196266.0,1.0,64.0,0.682,0.653,-6.062,0.339,0.13,0.00116,2019,2019
707,Stromae,219106.0,0.0,38.5,0.762,0.704,-8.214,0.0826,0.06175,0.001015,2010,2013
708,Sugababes,219775.16666666666,0.0,58.166666666666664,0.6956666666666665,0.7935,-4.6578333333333335,0.04745,0.03830586666666667,1.1423333333333335e-05,2002,2007
709,Sunshine Anderson,295826.0,0.0,56.0,0.697,0.925,-4.209,0.216,0.0614,0.0,2001,2001
710,Swedish House Mafia,198976.25,0.25,64.5,0.647,0.77675,-5.80125,0.04975,0.0354925,0.001227775,2010,2012
711,Switchfoot,201373.0,0.0,61.0,0.397,0.903,-4.577,0.0457,0.00575,1.6e-06,2003,2003
712,T Pain,247391.8,0.4,1.0,0.6454000000000001,0.4314,-9.5084,0.12416,0.033426,0.0,2005,2008
713,T.I.,275834.2,1.0,68.8,0.6156,0.7992,-4.3726,0.17526000000000003,0.03452,0.0,2004,2008
714,T2,178613.0,0.0,59.0,0.716,0.757,-5.438,0.0329,0.0258,0.00392,2017,2017
715,Taio Cruz,197261.66666666666,0.0,71.66666666666667,0.6766666666666667,0.8746666666666667,-4.336666666666667,0.06313333333333333,0.013763333333333334,1.1333333333333334e-05,2010,2010
716,Take That,243061.66666666666,0.0,59.666666666666664,0.3933333333333333,0.7956666666666666,-4.819,0.0395,0.07246666666666667,8.466666666666668e-07,2006,2010
717,Tame Impala,216320.0,1.0,83.0,0.64,0.74,-4.083,0.0284,0.0115,0.00678,2015,2015
718,Tamia,285386.0,0.0,48.0,0.676,0.601,-4.905,0.0297,0.103,0.0,2000,2000
719,Taylor Swift,225010.92307692306,0.0,69.38461538461539,0.6339230769230769,0.715923076923077,-5.770384615384615,0.08561538461538462,0.08630307692307691,0.0007344392307692307,2008,2019
720,Terror Squad,247426.0,1.0,67.0,0.783,0.916,-3.344,0.415,0.11,0.0,2004,2004
721,The All American Rejects,193653.0,0.0,65.0,0.469,0.955,-4.253,0.0432,0.000343,1.35e-06,2005,2005
722,The Band Perry,222773.0,0.0,64.0,0.606,0.497,-6.611,0.0277,0.348,0.0,2010,2010
723,The Calling,208600.0,0.0,72.0,0.558,0.719,-5.113,0.0267,0.0367,0.0,2001,2001
724,The Chainsmokers,215454.125,0.0,66.625,0.66125,0.693875,-6.204,0.08362499999999999,0.1080125,0.00110935375,2014,2018
725,The Chemical Brothers,393813.0,0.0,63.0,0.745,0.714,-3.681,0.0751,0.0141,0.0222,2005,2005
726,The Corrs,207506.0,0.0,68.0,0.607,0.82,-7.754,0.0597,0.0541,6.8e-05,2000,2000
727,The Dream,244893.0,1.0,62.0,0.6975,0.471,-7.2835,0.03815,0.0685,0.0,2007,2009
728,The Fratellis,215306.0,0.0,68.0,0.511,0.815,-3.14,0.144,0.0491,0.0,2006,2006
729,The Fray,253666.33333333334,0.0,73.0,0.40266666666666673,0.6793333333333335,-5.086333333333333,0.03696666666666667,0.28523333333333334,2.7266666666666667e-06,2005,2009
730,The Game,254275.33333333334,1.0,70.33333333333333,0.779,0.733,-5.733333333333333,0.26899999999999996,0.08596666666666668,0.0,2005,2008
731,The Goo Goo Dolls,238173.0,0.0,56.0,0.338,0.685,-5.178,0.0322,0.00052,0.000512,2002,2002
732,The Kooks,203506.0,0.0,73.0,0.391,0.808,-6.209,0.0892,0.0759,0.0,2006,2006
733,The Lumineers,160097.0,0.0,0.0,0.664,0.576,-6.429,0.0286,0.63,0.000198,2016,2016
734,The Neighbourhood,250286.5,0.0,87.0,0.6,0.664,-6.1355,0.03325,0.05865,0.08335,2013,2015
735,The Notorious B.I.G.,286186.0,1.0,68.0,0.833,0.628,-7.041,0.141,0.0949,1.6e-06,2005,2005
736,The Offspring,177826.0,1.0,78.0,0.55,0.917,-3.159,0.0638,0.00428,0.0,2008,2008
737,The Prodigy,216026.0,0.0,57.0,0.545,0.953,-5.172,0.0441,0.000941,0.117,2009,2009
738,The Pussycat Dolls,233097.66666666666,0.0,66.66666666666667,0.7254999999999999,0.6723333333333333,-5.1226666666666665,0.09213333333333334,0.08624833333333333,4.233333333333333e-07,2005,2008
739,The Raconteurs,215266.0,0.0,56.0,0.525,0.578,-4.563,0.12,0.0132,0.00916,2006,2006
740,The Rasmus,257920.0,0.0,68.0,0.6,0.796,-4.481,0.0275,0.000109,5.2e-05,2003,2003
741,The Red Jumpsuit Apparatus,192000.0,0.0,74.0,0.545,0.932,-2.189,0.0399,0.000665,0.0,2006,2006
742,The Roots,267933.0,1.0,63.0,0.758,0.957,-2.281,0.0357,0.039,0.0,2002,2002
743,The Saturdays,214147.5,0.0,61.0,0.6715,0.771,-4.0215,0.0461,0.027450000000000002,3.405e-06,2010,2013
744,The Script,223999.5,0.0,76.0,0.4555,0.879,-4.232,0.048,0.03379,0.0,2012,2014
745,The Shapeshifters,207066.0,0.0,65.0,0.748,0.845,-4.612,0.0536,0.00083,0.000225,2004,2004
746,The Streets,254266.0,1.0,58.0,0.68,0.844,-1.729,0.299,0.23,0.0,2004,2004
747,The Strokes,219826.0,0.0,74.0,0.489,0.649,-5.11,0.0336,0.000603,0.713,2003,2003
748,The Strumbellas,203653.0,0.0,71.0,0.556,0.658,-6.075,0.0265,0.164,0.0,2016,2016
749,The Supermen Lovers,234400.0,0.0,61.0,0.739,0.679,-5.079,0.0373,0.000424,0.0187,2001,2001
750,The Ting Tings,240899.5,0.0,53.0,0.8035,0.914,-3.8245,0.0737,0.028,0.01999,2007,2008
751,The Vamps,186120.0,0.0,67.0,0.563,0.7765,-4.7585,0.0469,0.0039000000000000003,0.0,2017,2017
752,The Veronicas,255360.0,0.0,58.0,0.557,0.783,-4.893,0.234,0.0171,0.0172,2005,2005
753,The Wanted,200645.0,0.0,54.666666666666664,0.6826666666666666,0.7326666666666667,-5.034666666666666,0.07223333333333333,0.20929999999999996,0.0,2010,2012
754,The Weeknd,235388.0,0.5,58.25,0.634875,0.634875,-5.79475,0.097875,0.1842375,3.1487499999999997e-06,2014,2018
755,The White Stripes,231920.0,0.0,3.0,0.741,0.469,-7.627,0.0805,0.00601,0.447,2003,2003
756,The xx,127920.0,0.0,2.0,0.617,0.778,-8.871,0.027,0.459,0.925,2009,2009
757,Thirty Seconds To Mars,231533.0,0.0,74.0,0.179,0.912,-3.881,0.0791,0.0014,0.000294,2005,2005
758,Three Days Grace,231480.0,0.0,72.0,0.498,0.83,-5.157,0.0421,0.00461,0.0,2003,2003
759,Tiesto,222673.33333333334,0.3333333333333333,24.0,0.6816666666666666,0.8316666666666667,-4.415,0.037366666666666666,0.12526633333333334,0.0008805000000000001,2013,2018
760,Tim Berg,203960.0,0.0,0.0,0.515,0.837,-2.552,0.0401,0.0868,0.0,2010,2010
761,Timbaland,224543.6,0.2,72.2,0.7083999999999999,0.6602,-6.0954,0.06866000000000001,0.099402,0.1564704,2007,2009
762,Tinashe,227000.0,1.0,71.0,0.742,0.595,-7.51,0.107,0.15,0.0,2014,2014
763,Tinchy Stryder,212773.0,0.0,59.0,0.581,0.824,-3.912,0.0377,0.0105,0.0,2009,2009
764,Tinie Tempah,223902.0,0.6666666666666666,57.333333333333336,0.755,0.8753333333333334,-3.6183333333333336,0.1477,0.15313333333333334,3.9333333333333335e-06,2010,2016
765,Toby Keith,227840.0,0.0,67.0,0.68,0.87,-4.461,0.0393,0.266,0.0,2005,2005
766,Tom Jones,211893.0,0.0,65.0,0.801,0.876,-3.94,0.0446,0.144,1.38e-05,1999,1999
767,Tom Odell,244360.0,1.0,88.0,0.445,0.537,-8.532,0.04,0.695,1.65e-05,2013,2013
768,Tom Walker,185863.0,0.0,70.0,0.586,0.624,-5.946,0.113,0.0153,1.78e-06,2017,2017
769,Tones And I,209438.0,0.0,78.0,0.824,0.588,-6.4,0.0924,0.692,0.000104,2019,2019
770,Toni Braxton,261933.0,0.0,66.0,0.739,0.947,-1.916,0.0411,0.00916,3.14e-05,2000,2000
771,Tory Lanez,233213.0,1.0,36.5,0.617,0.535,-9.3195,0.08615,0.049,3.25e-06,2016,2016
772,Tove Lo,215133.66666666666,0.6666666666666666,46.666666666666664,0.7143333333333333,0.707,-5.343333333333334,0.05876666666666667,0.16996666666666668,2.4203333333333333e-05,2014,2016
773,Train,227953.0,0.0,77.0,0.623,0.7375,-4.4875,0.0298,0.07703499999999999,5.3e-06,2001,2012
774,Trapt,285569.0,1.0,72.0,0.492,0.896,-5.819,0.117,0.000172,2.78e-06,2002,2002
775,Travie McCoy,211160.0,1.0,72.0,0.633,0.673,-6.403,0.258,0.297,0.0,2010,2010
776,Travis,228800.0,0.0,68.0,0.33,0.905,-5.047,0.0497,0.000233,8.14e-06,2001,2001
777,Travis Scott,252506.5,0.75,59.25,0.78775,0.6455,-4.74875,0.089075,0.042225,3.7e-05,2015,2018
778,Trey Songz,221969.5,0.25,44.5,0.7344999999999999,0.6615,-5.1785,0.097075,0.1777575,0.0,2007,2015
779,Trick Daddy,254400.0,1.0,59.0,0.933,0.561,-5.961,0.122,0.0275,0.0,2001,2001
780,Trillville,283454.0,1.0,50.0,0.9,0.515,-6.626,0.372,0.00341,0.0,2004,2004
781,Truth Hurts,226440.0,1.0,58.0,0.701,0.677,-6.591,0.147,0.0737,0.000162,2002,2002
782,Tweet,237800.0,1.0,64.0,0.66,0.536,-8.786,0.29,0.233,0.00669,2002,2002
783,Twenty One Pilots,204253.0,0.0,81.0,0.7036666666666666,0.582,-6.793333333333334,0.06963333333333332,0.04621666666666666,1.9566666666666667e-05,2015,2016
784,Twista,258475.33333333334,1.0,64.66666666666667,0.771,0.8043333333333335,-5.476999999999999,0.21466666666666667,0.25233333333333335,0.0,2004,2004
785,Two Door Cinema Club,189693.0,0.0,0.0,0.55,0.753,-4.003,0.0407,0.000665,7.74e-06,2010,2010
786,Tyga,214275.0,1.0,64.0,0.8813333333333334,0.5216666666666666,-8.920333333333334,0.22633333333333336,0.023733333333333332,6.533333333333333e-06,2012,2018
787,Tyler,154447.0,0.0,80.0,0.554,0.0,-9.0,0.0685,0.23,5.98e-06,2019,2019
788,Tyrese,294693.0,0.0,60.0,0.733,0.521,-3.657,0.0457,0.107,0.0,2002,2002
789,U2,249300.0,0.0,60.0,0.473,0.708,-4.813000000000001,0.043,0.001444,0.23704,2004,2004
790,Ultrabeat,201920.0,0.0,59.0,0.553,0.775,-10.284,0.043,0.212,0.0,2003,2003
791,Unk,173040.0,1.0,48.0,0.794,0.777,-3.696,0.0813,0.0982,0.0,2013,2013
792,Usher,237041.0,0.09090909090909091,65.36363636363636,0.7116363636363636,0.7493636363636363,-4.8817272727272725,0.07530909090909091,0.06656418181818181,8.802727272727272e-05,2001,2016
793,Vance Joy,204280.0,0.0,80.0,0.484,0.731,-6.694,0.0379,0.431,0.0,2014,2014
794,Vanessa Carlton,237493.0,0.0,75.0,0.56,0.825,-3.862,0.0379,0.323,0.0,2002,2002
795,Vengaboys,214819.0,0.0,58.0,0.751,0.901,-5.802,0.0328,0.0504,0.00308,2000,2000
796,WILLOW,196520.0,0.0,86.0,0.764,0.705,-5.279,0.0278,0.0371,1.94e-05,2015,2015
797,Waka Flocka Flame,263773.0,1.0,58.0,0.76,0.595,-6.366,0.0391,0.00544,0.0,2010,2010
798,Wale,238826.0,1.0,61.0,0.807,0.702,-6.594,0.0748,0.307,0.0,2013,2013
799,Wayne Wonder,202013.0,0.0,63.0,0.496,0.819,-5.656,0.0444,0.0479,0.000215,2003,2003
800,Westlife,222813.0,0.0,31.5,0.33475,0.4475,-6.83925,0.028525,0.44175,2.3125e-05,2000,2006
801,Wheatus,241666.0,1.0,71.0,0.625,0.85,-3.904,0.0495,0.346,0.000233,1999,1999
802,Wiley,173832.5,0.5,61.5,0.8815,0.7404999999999999,-6.0455000000000005,0.10095000000000001,0.027975,0.0006770000000000001,2008,2019
803,Will Smith,197666.0,0.0,34.0,0.873,0.9,-4.325,0.18,0.0107,0.000502,2020,2020
804,Will Young,214733.0,0.0,55.0,0.641,0.445,-8.674,0.0368,0.145,0.0,2003,2003
805,Wiz Khalifa,223497.5,0.75,70.25,0.67075,0.6965,-5.49375,0.097375,0.131725,5.0325e-06,2011,2015
806,Wyclef Jean,241133.0,0.0,56.0,0.733,0.744,-3.51,0.0553,0.0772,0.0,2007,2007
807,X Ambassadors,195200.0,0.0,75.0,0.526,0.862,-6.003,0.0905,0.0144,0.0597,2015,2015
808,XXXTentacion,135678.5,0.75,81.5,0.8005,0.46225,-7.453749999999999,0.1241,0.5415,0.0019410325,2017,2018
809,YG,237240.0,1.0,68.0,0.745,0.346,-7.709,0.331,0.00552,0.0,2018,2018
810,Years and Years,235433.0,0.0,27.5,0.613,0.782,-4.6675,0.03685,0.12775,0.0,2015,2015
811,Ying Yang Twins,215800.0,1.0,59.0,0.9085000000000001,0.605,-9.6125,0.2375,0.026010000000000002,0.00124,2003,2005
812,Ylvis,213708.0,0.0,63.0,0.703,0.867,-4.292,0.0453,0.107,0.0,2013,2013
813,Yo Gotti,276333.0,1.0,67.0,0.91,0.444,-8.126,0.344,0.022,0.0,2017,2017
814,Yolanda Be Cool,157438.0,0.0,1.0,0.901,0.805,-5.005,0.0464,0.0712,0.0812,2010,2010
815,Young Money,288133.0,1.0,71.0,0.733,0.664,-6.163,0.295,0.102,0.0,2009,2009
816,Young T and Bugsey,214203.0,1.0,61.0,0.531,0.581,-5.801,0.101,0.0107,1.62e-05,2019,2019
817,Young Thug,200106.0,1.0,69.0,0.796,0.586,-6.946,0.147,0.0247,0.0,2019,2019
818,Youngbloodz,298600.0,1.0,54.0,0.772,0.724,-5.799,0.307,0.0149,0.0,2003,2003
819,Yung Joc,241840.0,1.0,66.0,0.888,0.577,-7.702,0.0612,0.0986,0.0,2006,2006
820,ZAYN,229295.33333333334,0.3333333333333333,45.333333333333336,0.5273333333333333,0.5299999999999999,-6.411333333333334,0.0489,0.0897,4.773333333333333e-06,2016,2017
821,ZHU,223386.0,0.0,49.0,0.861,0.475,-7.195,0.0487,0.00865,0.119,2014,2014
822,Zara Larsson,216597.5,0.0,49.25,0.57575,0.742,-4.3405,0.045325000000000004,0.0593,2.465e-06,2015,2017
823,Zay Hilfigerrr,144244.0,0.0,57.0,0.807,0.887,-3.892,0.275,0.00381,0.0,2016,2016
824,Zedd,228076.0,0.0,35.75,0.60825,0.763,-2.96225,0.0568,0.08070250000000001,2.0275e-06,2012,2018
825,alt J,227080.0,0.0,71.0,0.616,0.656,-7.298,0.0344,0.096,0.000879,2012,2012
826,benny blanco,173799.0,0.0,75.0,0.56,0.68,-7.648,0.321,0.555,0.0,2018,2018
827,blackbear,212027.0,1.0,4.0,0.745,0.593,-6.35,0.0526,0.00522,5.25e-06,2017,2017
828,blink 182,167066.0,0.0,79.0,0.434,0.897,-4.918,0.0488,0.0103,0.0,1999,1999
829,fun.,250626.0,0.0,76.0,0.378,0.638,-5.576,0.075,0.02,7.66e-05,2012,2012
830,girl in red,184153.0,0.0,82.0,0.566,0.366,-12.808,0.028,0.113,0.181,2018,2018
831,iann dior,133890.5,0.5,70.5,0.6535,0.6719999999999999,-5.9239999999999995,0.0341,0.08755,0.0,2019,2019
832,iio,253586.0,0.0,54.0,0.661,0.855,-8.403,0.0377,0.0722,0.0185,2006,2006
833,t.A.T.u.,214440.0,1.0,39.0,0.527,0.834,-5.767,0.0474,0.0411,0.00599,2020,2020
834,will.i.am,292453.0,0.5,63.5,0.7230000000000001,0.6595,-6.295999999999999,0.061425,0.015012500000000002,0.03179155,2007,2013
