,year,genre,duration,popularity
0,2000,pop,211.16,77
1,1999,rock,167.066,79
1,1999,pop,167.066,79
2,1999,pop,250.546,66
2,1999,country,250.546,66
3,2000,rock,224.493,78
3,2000,metal,224.493,78
4,2000,pop,200.56,65
5,1999,hiphop,253.733,69
5,1999,pop,253.733,69
5,1999,r&b,253.733,69
6,2000,hiphop,284.2,86
7,2000,pop,258.56,68
7,2000,rock,258.56,68
8,1999,pop,271.333,75
8,1999,r&b,271.333,75
9,2001,dance/electronic,307.153,77
10,2011,pop,238.759,1
11,1999,pop,268.863,56
12,2000,pop,306.333,55
13,1999,rock,285.96,62
13,1999,pop,285.96,62
14,1999,pop,294.2,61
14,1999,dance/electronic,294.2,61
15,2002,hiphop,284.0,53
15,2002,pop,284.0,53
15,2002,r&b,284.0,53
16,1999,pop,245.4,64
17,2000,pop,214.883,73
18,1999,pop,285.426,64
19,1999,hiphop,161.506,82
20,2000,rock,216.88,83
20,2000,metal,216.88,83
21,1999,rock,211.893,65
21,1999,folk/acoustic,211.893,65
21,1999,easylistening,211.893,65
22,2000,pop,240.866,62
23,2000,hiphop,244.466,54
24,1999,pop,352.173,54
24,1999,dance/electronic,352.173,54
25,2000,metal,321.04,72
26,2001,pop,225.493,69
26,2001,dance/electronic,225.493,69
27,2000,hiphop,221.16,53
27,2000,pop,221.16,53
27,2000,r&b,221.16,53
28,2000,pop,318.28,54
28,2000,dance/electronic,318.28,54
29,2016,dance/electronic,210.786,47
30,1999,hiphop,268.866,71
30,1999,pop,268.866,71
31,2000,pop,220.106,49
31,2000,r&b,220.106,49
32,2000,pop,225.973,58
33,2000,r&b,242.56,52
34,1999,pop,243.533,58
35,1999,hiphop,276.266,59
35,1999,pop,276.266,59
35,1999,r&b,276.266,59
36,2000,pop,207.866,55
36,2000,dance/electronic,207.866,55
37,1999,hiphop,283.066,69
38,2001,pop,229.826,61
38,2001,country,229.826,61
39,2000,pop,255.6,55
39,2000,r&b,255.6,55
40,1999,pop,219.36,54
40,1999,latin,219.36,54
41,2000,pop,261.933,66
41,2000,r&b,261.933,66
42,2000,hiphop,175.893,36
42,2000,pop,175.893,36
42,2000,r&b,175.893,36
43,1999,hiphop,222.293,79
44,1998,hiphop,215.466,49
44,1998,pop,215.466,49
44,1998,r&b,215.466,49
45,1999,pop,234.96,68
46,2018,pop,201.946,43
47,2000,pop,236.906,59
47,2000,r&b,236.906,59
48,2000,r&b,198.346,64
49,2004,hiphop,243.666,52
49,2004,pop,243.666,52
49,2004,r&b,243.666,52
50,2001,pop,265.026,47
50,2001,r&b,265.026,47
51,2000,pop,280.626,60
51,2000,latin,280.626,60
52,2000,hiphop,244.053,55
52,2000,pop,244.053,55
52,2000,r&b,244.053,55
53,1999,hiphop,274.226,60
53,1999,pop,274.226,60
53,1999,r&b,274.226,60
54,2000,hiphop,227.866,59
55,1999,pop,257.36,59
55,1999,r&b,257.36,59
56,2000,r&b,198.4,65
57,1999,pop,243.733,63
57,1999,r&b,243.733,63
58,2001,pop,215.506,65
58,2001,country,215.506,65
59,2000,folk/acoustic,278.666,0
59,2000,rock,278.666,0
60,2010,pop,219.24,58
60,2010,easylistening,219.24,58
60,2010,dance/electronic,219.24,58
61,2000,pop,298.96,52
62,2011,pop,199.48,0
62,2011,r&b,199.48,0
63,2000,hiphop,257.2,60
63,2000,pop,257.2,60
63,2000,r&b,257.2,60
64,1999,pop,273.706,61
65,2000,pop,273.533,58
66,1999,rock,255.373,78
67,2000,hiphop,251.04,55
67,2000,pop,251.04,55
67,2000,r&b,251.04,55
68,2000,hiphop,235.133,70
68,2000,pop,235.133,70
68,2000,r&b,235.133,70
69,1999,rock,261.973,66
69,1999,blues,261.973,66
69,1999,latin,261.973,66
70,2000,pop,243.533,55
70,2000,r&b,243.533,55
71,2000,pop,202.8,55
72,2000,pop,214.819,58
73,2000,pop,234.826,59
73,2000,rock,234.826,59
74,1999,dance/electronic,228.14,56
75,1999,pop,230.2,70
75,1999,r&b,230.2,70
76,1999,pop,241.373,64
77,2000,pop,233.933,78
77,2000,rock,233.933,78
77,2000,metal,233.933,78
78,2000,pop,226.76,52
78,2000,r&b,226.76,52
79,2000,hiphop,256.973,57
79,2000,pop,256.973,57
80,2000,rock,236.866,49
80,2000,pop,236.866,49
80,2000,metal,236.866,49
81,1999,pop,253.626,57
81,1999,r&b,253.626,57
82,1999,pop,281.466,54
83,2000,pop,231.76,68
84,2000,pop,268.746,62
85,2001,pop,221.133,65
85,2001,r&b,221.133,65
86,2000,pop,191.04,60
87,2000,hiphop,348.893,54
87,2000,r&b,348.893,54
88,1999,pop,347.106,56
88,1999,latin,347.106,56
89,2000,pop,256.133,54
89,2000,rock,256.133,54
90,2001,pop,219.093,60
90,2001,r&b,219.093,60
91,2000,pop,230.093,70
92,1999,pop,274.8,64
92,1999,rock,274.8,64
92,1999,metal,274.8,64
93,2000,pop,207.506,68
93,2000,folk/acoustic,207.506,68
94,2000,pop,296.693,65
94,2000,r&b,296.693,65
95,1999,set(),241.666,71
96,1999,pop,203.333,64
97,1999,pop,316.733,69
97,1999,rock,316.733,69
97,1999,metal,316.733,69
98,2000,pop,206.226,65
99,2000,hiphop,287.0,68
99,2000,pop,287.0,68
99,2000,r&b,287.0,68
100,2000,hiphop,227.6,76
100,2000,pop,227.6,76
101,2001,pop,254.026,70
101,2001,r&b,254.026,70
102,2000,hiphop,404.106,83
103,2001,pop,230.64,73
103,2001,dance/electronic,230.64,73
104,2001,pop,264.893,68
105,2000,hiphop,243.16,1
105,2000,pop,243.16,1
105,2000,latin,243.16,1
106,2001,pop,196.16,74
106,2001,latin,196.16,74
107,2001,rock,165.853,78
107,2001,pop,165.853,78
108,2001,pop,259.933,77
109,2001,pop,254.64,62
110,2001,pop,250.706,71
110,2001,r&b,250.706,71
111,2001,pop,203.6,69
112,2001,pop,197.826,62
112,2001,dance/electronic,197.826,62
113,2001,hiphop,252.986,57
113,2001,pop,252.986,57
113,2001,r&b,252.986,57
114,2001,pop,265.866,76
114,2001,r&b,265.866,76
115,2015,pop,222.435,53
115,2015,dance/electronic,222.435,53
116,2000,metal,213.76,73
117,2001,pop,220.973,65
118,2006,dance/electronic,253.586,54
119,2001,pop,241.0,54
120,2001,hiphop,264.933,57
120,2001,pop,264.933,57
120,2001,r&b,264.933,57
121,2001,pop,223.546,63
122,2001,pop,194.026,43
122,2001,r&b,194.026,43
123,1999,rock,216.733,71
123,1999,metal,216.733,71
124,2001,pop,337.733,64
124,2001,r&b,337.733,64
125,2001,hiphop,230.133,73
125,2001,pop,230.133,73
125,2001,r&b,230.133,73
126,2001,hiphop,246.16,0
126,2001,pop,246.16,0
126,2001,r&b,246.16,0
127,2002,hiphop,271.626,50
127,2002,pop,271.626,50
127,2002,r&b,271.626,50
128,2001,rock,223.84,78
128,2001,metal,223.84,78
129,2001,hiphop,320.357,76
129,2001,dance/electronic,320.357,76
130,2000,hiphop,270.506,82
130,2000,pop,270.506,82
131,2001,pop,213.346,50
131,2001,dance/electronic,213.346,50
132,2001,pop,229.173,42
132,2001,r&b,229.173,42
133,1999,pop,218.36,73
134,2000,pop,213.026,57
134,2000,r&b,213.026,57
135,2001,rock,256.24,69
135,2001,metal,256.24,69
136,2001,hiphop,211.493,57
136,2001,pop,211.493,57
136,2001,r&b,211.493,57
137,2001,hiphop,211.12,68
137,2001,pop,211.12,68
137,2001,r&b,211.12,68
138,2008,pop,252.706,52
138,2008,latin,252.706,52
139,2001,hiphop,231.213,60
139,2001,pop,231.213,60
139,2001,r&b,231.213,60
140,2000,dance/electronic,452.906,50
141,2001,hiphop,340.92,74
142,2001,hiphop,266.506,57
143,2000,pop,285.386,48
143,2000,r&b,285.386,48
144,2001,pop,326.24,61
144,2001,r&b,326.24,61
145,2001,hiphop,221.226,67
145,2001,pop,221.226,67
145,2001,r&b,221.226,67
146,2001,pop,295.4,65
147,2001,hiphop,284.666,55
147,2001,pop,284.666,55
147,2001,r&b,284.666,55
148,2001,hiphop,193.093,63
148,2001,pop,193.093,63
148,2001,r&b,193.093,63
149,2001,pop,218.626,47
150,2001,dance/electronic,213.133,54
151,2001,rock,209.266,75
151,2001,metal,209.266,75
152,2001,hiphop,223.133,57
152,2001,pop,223.133,57
153,2001,hiphop,304.506,68
153,2001,pop,304.506,68
153,2001,rock,304.506,68
154,2016,hiphop,210.813,26
154,2016,pop,210.813,26
154,2016,r&b,210.813,26
155,2000,pop,280.973,53
156,2001,pop,207.56,58
157,2001,pop,195.506,58
158,2001,hiphop,232.573,67
158,2001,pop,232.573,67
158,2001,r&b,232.573,67
159,2001,hiphop,197.76,68
160,2001,pop,233.626,63
161,2000,hiphop,257.2,60
161,2000,pop,257.2,60
161,2000,r&b,257.2,60
162,2000,hiphop,276.106,1
162,2000,pop,276.106,1
162,2000,latin,276.106,1
163,2001,dance/electronic,234.4,61
164,2004,pop,207.4,46
164,2004,dance/electronic,207.4,46
165,2000,hiphop,246.72,56
165,2000,pop,246.72,56
165,2000,r&b,246.72,56
166,2001,pop,201.533,60
167,2000,world/traditional,218.546,69
167,2000,folk/acoustic,218.546,69
168,2001,pop,222.12,60
168,2001,country,222.12,60
169,2000,pop,212.973,58
169,2000,rock,212.973,58
170,2001,pop,207.906,64
170,2001,r&b,207.906,64
171,2000,pop,197.36,53
171,2000,dance/electronic,197.36,53
172,2001,pop,295.826,56
172,2001,r&b,295.826,56
173,2000,rock,231.666,68
173,2000,pop,231.666,68
174,2002,pop,162.333,46
175,2018,dance/electronic,231.166,0
176,2001,pop,329.933,65
176,2001,r&b,329.933,65
177,2001,pop,185.013,66
178,2001,hiphop,257.066,64
178,2001,pop,257.066,64
178,2001,r&b,257.066,64
179,2001,pop,221.133,65
179,2001,r&b,221.133,65
180,2001,dance/electronic,217.12,54
181,2001,hiphop,262.133,66
181,2001,pop,262.133,66
181,2001,r&b,262.133,66
182,2000,pop,304.666,0
182,2000,r&b,304.666,0
183,2001,dance/electronic,302.826,51
184,2001,pop,302.76,48
184,2001,rock,302.76,48
185,2001,pop,217.493,0
185,2001,dance/electronic,217.493,0
186,2000,hiphop,300.933,54
186,2000,pop,300.933,54
187,2001,pop,219.093,60
187,2001,r&b,219.093,60
188,2000,hiphop,291.781,75
188,2000,pop,291.781,75
188,2000,r&b,291.781,75
189,2001,hiphop,254.4,59
189,2001,pop,254.4,59
190,2001,rock,228.8,68
190,2001,pop,228.8,68
191,2001,hiphop,240.626,63
192,2001,pop,196.986,69
192,2001,r&b,196.986,69
193,2000,rock,257.426,56
194,2019,pop,262.773,30
194,2019,r&b,262.773,30
195,2001,rock,264.706,64
195,2001,metal,264.706,64
196,2000,pop,263.44,56
196,2000,r&b,263.44,56
197,2001,hiphop,265.533,65
197,2001,pop,265.533,65
197,2001,r&b,265.533,65
198,2001,pop,292.0,45
199,2000,pop,216.36,61
199,2000,rock,216.36,61
199,2000,metal,216.36,61
200,2002,hiphop,289.16,77
200,2002,pop,289.16,77
200,2002,r&b,289.16,77
201,2002,hiphop,290.32,87
202,2002,pop,244.506,78
203,2002,folk/acoustic,237.493,75
203,2002,pop,237.493,75
204,2001,pop,208.6,72
205,2001,pop,224.066,64
205,2001,latin,224.066,64
206,2001,rock,302.72,27
206,2001,pop,302.72,27
207,2002,pop,226.44,58
207,2002,r&b,226.44,58
208,2002,hiphop,324.306,68
208,2002,pop,324.306,68
209,2002,hiphop,297.786,85
210,2004,hiphop,285.586,69
210,2004,pop,285.586,69
211,2001,hiphop,222.546,60
211,2001,pop,222.546,60
211,2001,r&b,222.546,60
212,2003,pop,276.36,53
213,2002,hiphop,172.24,53
213,2002,pop,172.24,53
213,2002,r&b,172.24,53
214,2019,pop,244.466,40
215,2000,rock,216.88,83
215,2000,metal,216.88,83
216,2002,set(),213.973,66
217,2019,hiphop,275.026,0
217,2019,pop,275.026,0
217,2019,r&b,275.026,0
218,2002,pop,204.4,54
218,2002,dance/electronic,204.4,54
219,2002,pop,236.426,59
219,2002,r&b,236.426,59
220,2003,rock,200.426,60
220,2003,metal,200.426,60
221,2002,hiphop,253.2,43
221,2002,pop,253.2,43
221,2002,r&b,253.2,43
222,2003,metal,200.48,66
223,2001,pop,198.6,61
224,2013,pop,234.116,46
224,2013,dance/electronic,234.116,46
225,2001,hiphop,289.373,49
225,2001,pop,289.373,49
225,2001,r&b,289.373,49
226,2002,hiphop,230.346,42
226,2002,pop,230.346,42
226,2002,r&b,230.346,42
227,2002,hiphop,248.933,52
227,2002,pop,248.933,52
227,2002,r&b,248.933,52
228,2002,pop,207.186,60
229,2001,hiphop,238.6,55
229,2001,pop,238.6,55
230,2001,pop,259.773,59
231,2013,pop,208.449,47
231,2013,dance/electronic,208.449,47
232,2002,hiphop,239.266,58
232,2002,pop,239.266,58
232,2002,r&b,239.266,58
233,2002,hiphop,272.293,59
233,2002,pop,272.293,59
234,2015,pop,222.56,59
234,2015,r&b,222.56,59
235,2002,hiphop,237.8,64
235,2002,pop,237.8,64
235,2002,r&b,237.8,64
236,2000,pop,207.866,55
236,2000,dance/electronic,207.866,55
237,2002,hiphop,228.24,75
237,2002,pop,228.24,75
237,2002,r&b,228.24,75
238,2003,pop,227.866,53
239,2002,pop,298.853,68
240,2002,hiphop,223.293,49
240,2002,pop,223.293,49
240,2002,r&b,223.293,49
241,2002,pop,195.866,45
241,2002,r&b,195.866,45
242,2002,dance/electronic,432.146,48
243,2001,hiphop,267.093,73
243,2001,pop,267.093,73
244,2019,pop,237.359,43
245,2001,rock,242.586,26
245,2001,pop,242.586,26
246,2002,hiphop,287.0,2
246,2002,pop,287.0,2
246,2002,r&b,287.0,2
247,2002,rock,269.0,80
248,2002,pop,254.493,58
248,2002,r&b,254.493,58
249,2002,hiphop,228.0,59
249,2002,pop,228.0,59
250,2001,hiphop,267.16,53
250,2001,pop,267.16,53
250,2001,r&b,267.16,53
251,2002,pop,318.213,47
252,2001,pop,238.266,55
252,2001,dance/electronic,238.266,55
253,2002,hiphop,264.653,58
253,2002,pop,264.653,58
254,2003,pop,233.666,35
255,2005,hiphop,268.8,63
255,2005,pop,268.8,63
256,2001,pop,201.48,45
257,2001,rock,207.04,24
257,2001,pop,207.04,24
258,2002,hiphop,265.706,55
258,2002,pop,265.706,55
258,2002,r&b,265.706,55
259,2002,pop,230.013,62
259,2002,dance/electronic,230.013,62
260,2002,pop,283.626,62
261,2001,pop,276.373,32
261,2001,r&b,276.373,32
262,2001,pop,206.466,53
263,2002,hiphop,297.84,71
264,2002,hiphop,262.226,61
264,2002,pop,262.226,61
264,2002,r&b,262.226,61
265,2003,pop,251.28,54
266,2001,pop,192.533,68
267,2001,pop,303.333,52
267,2001,r&b,303.333,52
268,2002,pop,161.24,56
269,2002,rock,307.879,79
269,2002,pop,307.879,79
270,2002,hiphop,263.226,70
270,2002,pop,263.226,70
270,2002,r&b,263.226,70
271,2002,pop,214.306,60
271,2002,rock,214.306,60
272,2002,hiphop,335.613,64
272,2002,pop,335.613,64
273,2001,pop,294.6,69
273,2001,rock,294.6,69
273,2001,metal,294.6,69
274,2001,hiphop,245.133,73
274,2001,pop,245.133,73
274,2001,r&b,245.133,73
275,2002,hiphop,227.386,70
275,2002,pop,227.386,70
275,2002,r&b,227.386,70
276,2002,pop,204.0,75
277,2002,pop,233.6,63
278,2001,pop,231.066,58
279,2002,hiphop,204.706,67
279,2002,pop,204.706,67
280,2002,rock,216.933,73
281,2002,rock,211.506,60
281,2002,easylistening,211.506,60
282,2002,pop,206.093,65
283,2001,pop,253.6,50
284,2001,pop,170.493,64
284,2001,rock,170.493,64
285,2002,pop,269.4,57
285,2002,folk/acoustic,269.4,57
286,2001,hiphop,269.4,59
286,2001,pop,269.4,59
286,2001,r&b,269.4,59
287,2015,pop,242.0,47
287,2015,rock,242.0,47
287,2015,metal,242.0,47
288,2002,pop,238.173,56
288,2002,rock,238.173,56
289,2001,rock,216.76,70
289,2001,metal,216.76,70
290,2001,hiphop,296.586,60
290,2001,pop,296.586,60
291,2012,set(),188.693,40
292,2001,rock,268.693,40
292,2001,pop,268.693,40
292,2001,metal,268.693,40
293,2001,pop,217.68,60
293,2001,folk/acoustic,217.68,60
294,2002,pop,257.026,58
295,2001,pop,208.626,56
295,2001,latin,208.626,56
296,2001,rock,303.92,64
296,2001,metal,303.92,64
297,2002,rock,226.68,72
297,2002,pop,226.68,72
298,2001,hiphop,295.346,51
298,2001,pop,295.346,51
299,2001,pop,210.693,60
300,2003,hiphop,193.466,81
300,2003,pop,193.466,81
301,2002,hiphop,211.666,74
301,2002,pop,211.666,74
302,2004,hiphop,322.226,77
303,2003,pop,236.133,76
303,2003,r&b,236.133,76
304,2003,rock,225.426,50
304,2003,pop,225.426,50
305,2003,hiphop,272.533,68
305,2003,pop,272.533,68
306,2002,hiphop,187.84,70
306,2002,pop,187.84,70
306,2002,r&b,187.84,70
307,2003,hiphop,296.186,56
307,2003,pop,296.186,56
308,2020,pop,214.44,39
309,2003,pop,285.57,66
309,2003,dance/electronic,285.57,66
310,2002,hiphop,324.306,68
310,2002,pop,324.306,68
311,2003,world/traditional,244.666,61
311,2003,hiphop,244.666,61
312,2004,pop,238.84,59
312,2004,dance/electronic,238.84,59
313,2002,hiphop,205.56,71
314,2003,hiphop,249.48,76
314,2003,pop,249.48,76
315,2003,pop,215.48,69
316,2003,rock,162.6,72
316,2003,metal,162.6,72
317,2007,hiphop,217.586,70
317,2007,pop,217.586,70
318,2003,metal,235.893,79
319,2003,pop,218.173,57
319,2003,r&b,218.173,57
320,2002,hiphop,287.226,59
320,2002,pop,287.226,59
320,2002,r&b,287.226,59
321,2003,rock,231.48,72
321,2003,metal,231.48,72
322,2002,hiphop,324.6,47
322,2002,pop,324.6,47
323,2003,hiphop,282.773,62
323,2003,pop,282.773,62
323,2003,r&b,282.773,62
324,2003,hiphop,239.026,73
324,2003,pop,239.026,73
324,2003,r&b,239.026,73
324,2003,latin,239.026,73
325,2002,hiphop,245.24,36
325,2002,pop,245.24,36
325,2002,r&b,245.24,36
326,2003,pop,223.773,59
327,2004,pop,210.066,57
328,2003,pop,248.546,54
329,2002,pop,267.266,76
330,2003,rock,231.92,3
330,2003,blues,231.92,3
331,2003,hiphop,298.6,54
331,2003,pop,298.6,54
332,2003,pop,244.826,63
332,2003,r&b,244.826,63
333,2019,hiphop,359.973,47
333,2019,pop,359.973,47
333,2019,r&b,359.973,47
334,2002,pop,255.266,61
335,2003,rock,207.466,68
335,2003,metal,207.466,68
336,2003,pop,222.4,48
337,2003,hiphop,297.96,50
337,2003,pop,297.96,50
337,2003,r&b,297.96,50
338,2002,rock,285.569,72
338,2002,metal,285.569,72
339,2008,rock,199.04,58
339,2008,r&b,199.04,58
339,2008,folk/acoustic,199.04,58
339,2008,pop,199.04,58
340,2003,pop,184.906,61
340,2003,r&b,184.906,61
341,2003,pop,221.426,58
341,2003,dance/electronic,221.426,58
342,2016,hiphop,293.666,52
342,2016,pop,293.666,52
342,2016,r&b,293.666,52
343,2003,dance/electronic,212.413,57
344,2009,hiphop,164.506,49
345,2003,metal,269.973,70
346,2003,pop,237.693,58
346,2003,r&b,237.693,58
347,2003,hiphop,219.4,57
347,2003,pop,219.4,57
348,2003,hiphop,236.506,67
348,2003,pop,236.506,67
349,2003,hiphop,250.746,69
349,2003,pop,250.746,69
349,2003,r&b,250.746,69
350,2002,hiphop,339.546,71
351,2003,hiphop,234.8,48
351,2003,pop,234.8,48
351,2003,r&b,234.8,48
352,2003,pop,209.533,48
352,2003,r&b,209.533,48
353,2003,hiphop,224.44,72
353,2003,pop,224.44,72
354,2002,hiphop,304.0,61
354,2002,pop,304.0,61
354,2002,r&b,304.0,61
355,2002,hiphop,234.893,57
355,2002,pop,234.893,57
355,2002,r&b,234.893,57
356,2003,pop,220.36,60
356,2003,dance/electronic,220.36,60
357,2003,pop,201.92,59
357,2003,dance/electronic,201.92,59
358,2002,pop,245.96,67
359,2003,hiphop,245.293,49
359,2003,pop,245.293,49
359,2003,r&b,245.293,49
360,2005,hiphop,299.146,67
360,2005,pop,299.146,67
361,2002,hiphop,268.373,57
361,2002,pop,268.373,57
361,2002,r&b,268.373,57
362,2003,hiphop,243.306,59
362,2003,pop,243.306,59
362,2003,r&b,243.306,59
363,2003,rock,214.6,0
364,2003,pop,208.386,38
364,2003,dance/electronic,208.386,38
365,2003,hiphop,213.76,57
365,2003,pop,213.76,57
366,2002,hiphop,253.72,58
367,2002,pop,260.333,67
367,2002,rock,260.333,67
367,2002,metal,260.333,67
368,2002,hiphop,294.693,60
368,2002,pop,294.693,60
368,2002,r&b,294.693,60
369,2002,pop,288.333,73
370,2003,pop,199.32,57
371,2003,rock,226.053,60
371,2003,pop,226.053,60
372,2003,pop,218.76,48
372,2003,r&b,218.76,48
373,2002,hiphop,281.24,56
374,2002,rock,307.879,79
374,2002,pop,307.879,79
375,2002,hiphop,249.293,54
375,2002,pop,249.293,54
375,2002,r&b,249.293,54
376,2002,hiphop,263.226,70
376,2002,pop,263.226,70
376,2002,r&b,263.226,70
377,2003,hiphop,209.12,65
377,2003,pop,209.12,65
377,2003,r&b,209.12,65
378,2002,pop,181.826,67
379,2002,rock,293.96,75
379,2002,metal,293.96,75
380,2002,hiphop,232.506,61
380,2002,pop,232.506,61
381,2002,pop,245.773,55
381,2002,r&b,245.773,55
382,2002,hiphop,254.466,60
382,2002,pop,254.466,60
382,2002,r&b,254.466,60
383,2003,pop,242.773,64
383,2003,r&b,242.773,64
384,2003,pop,240.04,44
385,2002,hiphop,267.933,63
386,2003,hiphop,314.4,61
386,2003,pop,314.4,61
386,2003,r&b,314.4,61
387,2003,hiphop,223.973,61
387,2003,pop,223.973,61
387,2003,r&b,223.973,61
388,2003,pop,214.773,47
388,2003,r&b,214.773,47
389,2002,hiphop,278.693,61
389,2002,pop,278.693,61
389,2002,r&b,278.693,61
390,2002,pop,228.706,63
390,2002,rock,228.706,63
391,2003,hiphop,234.0,66
391,2003,pop,234.0,66
392,2003,hiphop,295.773,67
392,2003,pop,295.773,67
392,2003,r&b,295.773,67
393,2003,rock,201.373,61
393,2003,pop,201.373,61
394,2002,pop,257.026,58
395,2002,rock,190.173,68
395,2002,metal,190.173,68
396,2003,hiphop,202.013,63
396,2003,r&b,202.013,63
397,2003,rock,219.826,74
398,2002,pop,223.066,70
399,2003,pop,214.733,55
400,2004,hiphop,250.373,81
400,2004,pop,250.373,81
400,2004,r&b,250.373,81
401,2002,pop,206.2,77
402,2003,pop,198.8,81
403,2003,hiphop,235.213,80
403,2003,pop,235.213,80
404,2003,pop,232.8,79
404,2003,rock,232.8,79
404,2003,metal,232.8,79
405,2004,pop,257.426,65
406,2004,latin,192.6,11
407,2004,hiphop,217.733,53
407,2004,pop,217.733,53
408,2004,pop,215.431,56
409,2004,hiphop,247.426,67
410,1999,pop,212.266,56
411,2004,pop,221.226,60
411,2004,r&b,221.226,60
412,2004,hiphop,186.306,56
412,2004,pop,186.306,56
412,2004,r&b,186.306,56
413,2003,metal,257.92,68
414,2004,hiphop,236.52,59
414,2004,pop,236.52,59
415,2003,pop,208.6,63
415,2003,r&b,208.6,63
416,2003,rock,185.586,81
416,2003,metal,185.586,81
417,2004,hiphop,187.28,61
417,2004,pop,187.28,61
418,2004,pop,235.066,16
419,2004,hiphop,298.773,73
419,2004,pop,298.773,73
419,2004,rock,298.773,73
420,2004,hiphop,190.493,42
420,2004,pop,190.493,42
420,2004,r&b,190.493,42
421,2016,pop,257.333,66
422,2004,pop,242.013,61
422,2004,r&b,242.013,61
423,2004,pop,171.36,72
423,2004,dance/electronic,171.36,72
424,2004,pop,223.0,67
424,2004,r&b,223.0,67
425,2003,pop,206.106,63
425,2003,r&b,206.106,63
425,2003,dance/electronic,206.106,63
426,2004,hiphop,267.32,56
426,2004,pop,267.32,56
426,2004,r&b,267.32,56
427,2004,rock,205.973,63
428,2004,set(),265.826,57
429,2004,pop,213.893,53
430,2004,pop,232.0,67
430,2004,r&b,232.0,67
431,2003,hiphop,239.026,73
431,2003,pop,239.026,73
431,2003,r&b,239.026,73
431,2003,latin,239.026,73
432,2003,hiphop,235.186,56
432,2003,pop,235.186,56
433,2003,hiphop,245.173,53
434,2004,pop,216.706,70
434,2004,latin,216.706,70
435,2004,pop,212.413,61
436,2004,pop,233.6,33
436,2004,rock,233.6,33
437,2003,hiphop,214.893,49
437,2003,pop,214.893,49
438,2003,hiphop,252.44,61
438,2003,pop,252.44,61
439,2003,pop,223.133,37
439,2003,latin,223.133,37
440,2003,pop,182.626,68
440,2003,r&b,182.626,68
440,2003,dance/electronic,182.626,68
441,2003,rock,196.906,68
441,2003,metal,196.906,68
442,2005,hiphop,242.746,49
442,2005,pop,242.746,49
442,2005,r&b,242.746,49
443,2004,hiphop,197.186,45
443,2004,pop,197.186,45
443,2004,r&b,197.186,45
444,2003,pop,263.506,56
444,2003,r&b,263.506,56
445,2004,hiphop,248.68,67
446,2003,pop,237.693,58
446,2003,r&b,237.693,58
447,2004,hiphop,266.066,39
447,2004,pop,266.066,39
448,2002,hiphop,273.36,68
448,2002,pop,273.36,68
449,2004,dance/electronic,207.066,65
450,2004,hiphop,249.533,57
450,2004,pop,249.533,57
450,2004,rock,249.533,57
451,2003,pop,282.306,0
451,2003,dance/electronic,282.306,0
452,2004,hiphop,192.106,67
453,2003,hiphop,276.8,61
453,2003,pop,276.8,61
453,2003,r&b,276.8,61
454,2004,hiphop,216.706,63
454,2004,pop,216.706,63
455,2004,set(),222.146,51
456,2004,pop,200.973,47
456,2004,dance/electronic,200.973,47
457,2004,hiphop,233.36,66
457,2004,pop,233.36,66
457,2004,r&b,233.36,66
458,2004,hiphop,213.786,57
459,2003,pop,230.306,63
460,2004,world/traditional,193.52,64
460,2004,rock,193.52,64
461,2004,rock,237.026,77
462,2001,hiphop,247.106,59
462,2001,pop,247.106,59
463,2003,hiphop,265.026,61
463,2003,pop,265.026,61
464,2004,hiphop,225.173,42
464,2004,pop,225.173,42
465,2004,hiphop,193.733,73
466,2003,metal,262.533,72
467,2004,hiphop,336.506,57
467,2004,pop,336.506,57
467,2004,r&b,336.506,57
468,2004,r&b,229.08,46
469,2003,rock,226.053,60
469,2003,pop,226.053,60
470,2004,pop,202.013,58
471,2004,hiphop,316.053,72
471,2004,pop,316.053,72
471,2004,r&b,316.053,72
472,2004,rock,176.346,77
473,2003,pop,224.933,57
473,2003,r&b,224.933,57
473,2003,dance/electronic,224.933,57
474,2004,pop,266.04,43
474,2004,rock,266.04,43
474,2004,dance/electronic,266.04,43
475,2003,pop,284.16,55
475,2003,r&b,284.16,55
476,2004,hiphop,221.226,76
477,2004,pop,185.133,61
478,2003,hiphop,290.76,48
478,2003,pop,290.76,48
479,2004,pop,242.413,68
480,2003,pop,240.04,44
481,2004,set(),225.106,64
482,2003,pop,301.133,62
482,2003,r&b,301.133,62
483,2002,pop,238.733,74
483,2002,rock,238.733,74
483,2002,metal,238.733,74
484,2004,hiphop,223.506,80
485,2004,hiphop,226.013,56
485,2004,pop,226.013,56
485,2004,r&b,226.013,56
486,2003,pop,252.466,55
486,2003,easylistening,252.466,55
486,2003,jazz,252.466,55
487,2004,hiphop,223.44,76
487,2004,pop,223.44,76
487,2004,r&b,223.44,76
488,2004,hiphop,277.84,59
488,2004,pop,277.84,59
488,2004,r&b,277.84,59
489,2004,dance/electronic,171.546,59
490,2004,hiphop,254.266,58
490,2004,dance/electronic,254.266,58
491,2003,hiphop,248.2,64
491,2003,pop,248.2,64
492,2003,hiphop,234.0,66
492,2003,pop,234.0,66
493,2004,pop,205.36,59
493,2004,dance/electronic,205.36,59
494,2003,pop,191.826,57
494,2003,r&b,191.826,57
495,2004,hiphop,296.88,48
496,2001,pop,189.506,65
497,2004,pop,217.44,56
498,2003,pop,214.733,55
499,2003,pop,366.733,61
499,2003,r&b,366.733,61
500,2005,pop,201.4,69
500,2005,r&b,201.4,69
501,2004,pop,256.733,72
501,2004,r&b,256.733,72
502,2005,hiphop,207.626,78
503,2005,hiphop,246.96,77
503,2005,pop,246.96,77
503,2005,r&b,246.96,77
504,2005,hiphop,209.106,79
504,2005,pop,209.106,79
505,2005,pop,209.493,75
506,2004,rock,261.266,72
507,2005,pop,272.08,72
507,2005,r&b,272.08,72
508,2005,pop,233.64,74
509,2004,pop,238.493,28
510,2005,pop,337.733,74
511,2005,hiphop,237.706,76
511,2005,pop,237.706,76
512,2005,pop,168.879,67
513,2004,hiphop,265.48,52
514,2005,hiphop,213.066,59
514,2005,pop,213.066,59
515,2004,pop,236.213,68
515,2004,r&b,236.213,68
516,2005,dance/electronic,393.813,63
517,2005,hiphop,230.493,73
517,2005,pop,230.493,73
517,2005,rock,230.493,73
518,2005,hiphop,214.226,72
518,2005,pop,214.226,72
519,2005,hiphop,235.533,74
519,2005,pop,235.533,74
520,2005,hiphop,229.866,71
520,2005,pop,229.866,71
520,2005,r&b,229.866,71
521,2005,pop,203.36,0
521,2005,r&b,203.36,0
522,2005,hiphop,326.96,67
522,2005,pop,326.96,67
523,2004,pop,256.346,61
523,2004,r&b,256.346,61
524,2005,hiphop,247.506,60
524,2005,pop,247.506,60
525,2005,hiphop,219.92,4
525,2005,pop,219.92,4
525,2005,r&b,219.92,4
525,2005,latin,219.92,4
526,2005,hiphop,225.533,65
526,2005,pop,225.533,65
526,2005,r&b,225.533,65
527,2004,hiphop,205.733,76
528,2005,hiphop,206.4,77
528,2005,pop,206.4,77
529,2005,hiphop,222.64,82
530,2005,hiphop,239.773,62
530,2005,pop,239.773,62
531,2004,pop,235.8,21
532,2005,rock,200.053,54
532,2005,dance/electronic,200.053,54
533,2005,pop,218.093,64
533,2005,r&b,218.093,64
534,2005,hiphop,280.013,55
534,2005,pop,280.013,55
535,2004,hiphop,250.76,77
536,2005,pop,212.893,72
536,2005,latin,212.893,72
537,2005,hiphop,244.999,73
538,2004,hiphop,236.813,54
538,2004,pop,236.813,54
539,2005,pop,276.603,58
539,2005,rock,276.603,58
540,2005,hiphop,230.133,52
540,2005,pop,230.133,52
541,2004,hiphop,283.454,50
541,2004,pop,283.454,50
542,2005,hiphop,224.253,63
542,2005,pop,224.253,63
543,2005,hiphop,226.863,67
543,2005,pop,226.863,67
543,2005,r&b,226.863,67
544,2005,pop,226.64,56
544,2005,folk/acoustic,226.64,56
545,2004,set(),229.826,42
546,2005,hiphop,258.666,65
546,2005,pop,258.666,65
546,2005,r&b,258.666,65
547,2005,pop,239.586,63
548,2005,hiphop,237.733,63
548,2005,pop,237.733,63
548,2005,r&b,237.733,63
549,2005,hiphop,233.4,61
550,2004,hiphop,266.066,39
550,2004,pop,266.066,39
551,2005,hiphop,211.32,41
551,2005,pop,211.32,41
552,2004,pop,325.573,63
552,2004,r&b,325.573,63
553,2005,pop,202.213,52
553,2005,r&b,202.213,52
554,2008,hiphop,238.746,52
554,2008,pop,238.746,52
554,2008,r&b,238.746,52
555,2004,hiphop,270.746,59
555,2004,pop,270.746,59
556,2005,rock,215.0,61
557,2005,pop,222.653,52
557,2005,folk/acoustic,222.653,52
558,2004,pop,199.853,69
558,2004,r&b,199.853,69
559,2005,hiphop,240.04,59
559,2005,pop,240.04,59
559,2005,r&b,240.04,59
560,2005,rock,231.533,74
561,2003,pop,256.0,50
561,2003,r&b,256.0,50
562,2004,hiphop,238.053,68
563,2005,hiphop,243.986,56
563,2005,pop,243.986,56
563,2005,r&b,243.986,56
564,2005,pop,197.16,60
564,2005,easylistening,197.16,60
564,2005,jazz,197.16,60
565,2004,hiphop,260.6,66
565,2004,pop,260.6,66
566,2005,pop,233.866,0
566,2005,r&b,233.866,0
567,2005,hiphop,179.16,57
567,2005,pop,179.16,57
568,2020,hiphop,197.666,34
568,2020,pop,197.666,34
569,2005,hiphop,205.84,66
569,2005,pop,205.84,66
569,2005,r&b,205.84,66
570,2005,rock,217.706,58
571,2004,pop,198.973,59
571,2004,r&b,198.973,59
572,2005,hiphop,219.0,61
572,2005,pop,219.0,61
573,2005,pop,241.066,1
574,2005,hiphop,337.64,62
574,2005,pop,337.64,62
574,2005,r&b,337.64,62
575,2004,rock,208.199,60
575,2004,metal,208.199,60
576,2006,rock,173.68,71
577,2006,pop,219.6,1
578,2005,hiphop,248.493,62
578,2005,pop,248.493,62
578,2005,r&b,248.493,62
579,2005,rock,233.186,63
580,2004,hiphop,224.64,61
580,2004,pop,224.64,61
580,2004,r&b,224.64,61
581,2004,pop,219.493,71
581,2004,r&b,219.493,71
582,2012,pop,243.053,52
582,2012,rock,243.053,52
582,2012,metal,243.053,52
583,2005,rock,258.92,67
583,2005,metal,258.92,67
584,2005,hiphop,231.04,0
584,2005,pop,231.04,0
584,2005,r&b,231.04,0
585,2004,pop,245.4,58
585,2004,r&b,245.4,58
586,2005,pop,207.506,67
586,2005,r&b,207.506,67
587,2004,pop,204.173,62
588,2005,rock,297.426,69
588,2005,pop,297.426,69
589,2004,hiphop,296.88,67
590,2004,hiphop,253.933,61
590,2004,pop,253.933,61
590,2004,r&b,253.933,61
591,2005,rock,287.906,69
591,2005,pop,287.906,69
592,2005,world/traditional,201.706,71
592,2005,pop,201.706,71
592,2005,folk/acoustic,201.706,71
593,2004,pop,224.146,55
593,2004,r&b,224.146,55
594,2004,pop,188.96,71
594,2004,r&b,188.96,71
595,2004,world/traditional,305.08,56
595,2004,rock,305.08,56
596,2005,rock,193.653,65
596,2005,pop,193.653,65
597,2005,country,227.84,67
598,2004,pop,189.333,59
598,2004,r&b,189.333,59
599,2005,rock,255.626,76
599,2005,metal,255.626,76
600,2005,pop,218.093,82
600,2005,latin,218.093,82
601,2005,hiphop,218.573,78
601,2005,pop,218.573,78
602,2006,pop,242.733,78
603,2007,pop,227.853,70
603,2007,r&b,227.853,70
604,2006,r&b,214.946,71
605,2006,hiphop,238.92,73
605,2006,pop,238.92,73
605,2006,r&b,238.92,73
606,2006,hiphop,177.466,74
606,2006,r&b,177.466,74
607,2006,hiphop,214.96,61
607,2006,pop,214.96,61
608,2006,hiphop,258.893,79
608,2006,pop,258.893,79
608,2006,latin,258.893,79
609,2006,pop,245.466,69
609,2006,dance/electronic,245.466,69
610,2006,hiphop,276.786,55
610,2006,pop,276.786,55
611,2005,pop,281.88,61
612,2005,hiphop,303.053,71
612,2005,pop,303.053,71
613,2005,hiphop,213.066,75
613,2005,pop,213.066,75
614,2006,hiphop,242.293,82
614,2006,pop,242.293,82
614,2006,latin,242.293,82
615,2015,pop,150.533,39
615,2015,dance/electronic,150.533,39
616,2006,hiphop,243.88,58
616,2006,pop,243.88,58
617,2005,pop,225.56,68
617,2005,r&b,225.56,68
618,2006,pop,261.88,59
618,2006,r&b,261.88,59
619,2005,hiphop,274.44,74
620,2006,hiphop,226.293,65
620,2006,pop,226.293,65
620,2006,r&b,226.293,65
621,2006,rock,212.439,75
622,2005,hiphop,186.826,63
622,2005,pop,186.826,63
622,2005,r&b,186.826,63
623,2004,pop,209.666,57
624,2006,pop,192.213,73
624,2006,r&b,192.213,73
625,2006,hiphop,202.72,63
625,2006,pop,202.72,63
626,2005,pop,229.36,57
626,2005,r&b,229.36,57
627,2006,hiphop,274.386,67
627,2006,pop,274.386,67
628,2006,pop,190.0,40
628,2006,dance/electronic,190.0,40
629,2005,hiphop,286.186,68
630,2006,hiphop,241.84,66
630,2006,pop,241.84,66
631,2006,pop,223.066,1
632,2006,pop,276.16,72
633,2005,rock,219.32,65
633,2005,metal,219.32,65
634,2005,hiphop,271.16,60
634,2005,pop,271.16,60
634,2005,r&b,271.16,60
635,2006,pop,202.066,64
636,2006,pop,241.306,57
636,2006,r&b,241.306,57
637,2011,hiphop,199.12,0
637,2011,pop,199.12,0
637,2011,dance/electronic,199.12,0
638,2005,hiphop,224.253,63
638,2005,pop,224.253,63
639,2006,hiphop,233.973,42
639,2006,pop,233.973,42
639,2006,r&b,233.973,42
640,2007,pop,240.28,57
640,2007,r&b,240.28,57
641,2006,pop,197.173,0
642,2005,hiphop,281.32,68
643,2006,pop,273.973,50
643,2006,r&b,273.973,50
643,2006,dance/electronic,273.973,50
644,2005,pop,207.613,49
644,2005,dance/electronic,207.613,49
645,2005,set(),189.8,46
646,2005,pop,246.333,69
646,2005,r&b,246.333,69
647,2012,pop,201.59,49
647,2012,dance/electronic,201.59,49
648,2006,hiphop,226.973,70
648,2006,pop,226.973,70
648,2006,r&b,226.973,70
649,2005,hiphop,236.6,73
650,2006,hiphop,229.813,60
650,2006,pop,229.813,60
651,2006,metal,214.706,65
652,2006,hiphop,234.133,62
652,2006,pop,234.133,62
652,2006,r&b,234.133,62
653,2005,rock,238.173,70
653,2005,metal,238.173,70
654,2005,rock,180.266,74
655,2007,pop,257.293,57
655,2007,r&b,257.293,57
656,2006,hiphop,274.333,64
656,2006,pop,274.333,64
657,2006,hiphop,230.613,62
657,2006,pop,230.613,62
658,2006,pop,244.613,37
659,2006,hiphop,207.586,56
659,2006,pop,207.586,56
660,2006,rock,202.133,72
661,2006,country,276.773,0
662,2006,pop,211.186,45
662,2006,r&b,211.186,45
663,2005,hiphop,255.333,72
663,2005,pop,255.333,72
663,2005,r&b,255.333,72
664,2006,pop,196.893,68
665,2006,pop,220.853,67
665,2006,r&b,220.853,67
666,2006,hiphop,223.68,48
666,2006,pop,223.68,48
666,2006,r&b,223.68,48
667,2005,pop,260.466,64
667,2005,r&b,260.466,64
668,2005,hiphop,252.653,62
668,2005,pop,252.653,62
668,2005,country,252.653,62
669,2006,r&b,256.946,63
670,2006,country,214.106,69
671,2006,rock,282.16,76
672,2006,pop,288.36,63
672,2006,rock,288.36,63
672,2006,dance/electronic,288.36,63
673,2006,pop,207.186,75
673,2006,r&b,207.186,75
674,2019,pop,261.053,35
674,2019,rock,261.053,35
674,2019,metal,261.053,35
675,2006,rock,215.266,56
676,2006,rock,215.306,68
677,2005,hiphop,231.866,42
677,2005,pop,231.866,42
677,2005,rock,231.866,42
678,2005,pop,207.506,67
678,2005,r&b,207.506,67
679,2005,rock,185.586,70
680,2005,pop,258.653,67
681,2006,pop,228.906,63
682,2006,pop,219.106,0
683,2006,pop,186.173,59
684,2006,pop,167.493,46
685,2005,hiphop,265.333,0
685,2005,pop,265.333,0
685,2005,r&b,265.333,0
686,2005,world/traditional,172.373,64
686,2005,pop,172.373,64
686,2005,folk/acoustic,172.373,64
687,2004,pop,259.333,2
688,2006,rock,249.76,67
688,2006,pop,249.76,67
689,2006,pop,213.173,64
689,2006,r&b,213.173,64
690,2006,world/traditional,273.333,35
690,2006,rock,273.333,35
690,2006,pop,273.333,35
691,2005,pop,262.533,79
692,2006,world/traditional,151.64,61
692,2006,pop,151.64,61
693,2006,rock,311.106,76
694,2006,rock,222.453,59
694,2006,pop,222.453,59
695,2005,rock,193.653,65
695,2005,pop,193.653,65
696,2006,pop,210.066,49
696,2006,r&b,210.066,49
697,2005,hiphop,229.04,69
697,2005,pop,229.04,69
697,2005,r&b,229.04,69
698,2006,pop,208.493,0
699,2006,rock,203.506,73
700,2007,pop,262.466,75
700,2007,r&b,262.466,75
701,2008,hiphop,275.986,81
701,2008,pop,275.986,81
701,2008,r&b,275.986,81
702,2007,pop,251.24,79
703,2006,pop,268.12,76
703,2006,r&b,268.12,76
704,2007,pop,219.413,0
705,2005,pop,232.533,78
706,2006,pop,448.573,70
707,2006,pop,246.466,71
707,2006,r&b,246.466,71
708,2007,hiphop,179.12,80
708,2007,pop,179.12,80
708,2007,r&b,179.12,80
709,2006,hiphop,223.08,81
709,2006,pop,223.08,81
709,2006,latin,223.08,81
710,2012,set(),151.973,43
711,2007,dance/electronic,223.111,73
712,2007,pop,209.8,65
712,2007,dance/electronic,209.8,65
713,2006,pop,212.36,58
714,2007,hiphop,234.026,70
714,2007,pop,234.026,70
714,2007,r&b,234.026,70
715,2007,hiphop,247.946,67
715,2007,pop,247.946,67
716,2007,pop,198.567,0
716,2007,dance/electronic,198.567,0
717,2015,pop,150.533,0
717,2015,dance/electronic,150.533,0
718,2006,pop,237.053,68
718,2006,r&b,237.053,68
719,2007,hiphop,311.866,54
720,2007,pop,199.853,64
720,2007,r&b,199.853,64
721,2007,hiphop,237.173,59
721,2007,pop,237.173,59
722,2006,pop,247.066,53
723,2007,hiphop,221.933,74
723,2007,pop,221.933,74
724,2006,hiphop,247.413,59
724,2006,pop,247.413,59
725,2006,pop,214.386,0
726,2008,hiphop,212.28,69
726,2008,pop,212.28,69
726,2008,r&b,212.28,69
727,2007,hiphop,209.533,62
727,2007,pop,209.533,62
727,2007,r&b,209.533,62
728,2007,hiphop,271.6,47
729,2006,set(),152.333,17
730,2007,rock,205.613,77
730,2007,metal,205.613,77
731,2007,hiphop,255.706,60
731,2007,pop,255.706,60
731,2007,r&b,255.706,60
732,2007,hiphop,250.666,68
732,2007,pop,250.666,68
732,2007,r&b,250.666,68
733,2007,hiphop,253.4,61
733,2007,pop,253.4,61
734,2007,rock,208.106,73
734,2007,metal,208.106,73
735,2006,pop,252.973,66
736,2007,hiphop,253.706,59
736,2007,pop,253.706,59
737,2007,hiphop,253.573,62
737,2007,pop,253.573,62
737,2007,r&b,253.573,62
738,2007,rock,193.893,73
738,2007,metal,193.893,73
739,2006,pop,202.066,64
740,2007,rock,172.866,67
741,2006,pop,276.16,72
742,2006,pop,246.6,64
742,2006,r&b,246.6,64
743,2007,rock,166.373,73
743,2007,metal,166.373,73
744,2006,rock,161.92,80
745,2007,hiphop,333.68,57
745,2007,pop,333.68,57
745,2007,dance/electronic,333.68,57
746,2007,pop,212.4,66
746,2007,r&b,212.4,66
747,2007,pop,216.6,75
748,2007,pop,266.84,74
748,2007,r&b,266.84,74
749,2016,pop,215.173,45
749,2016,rock,215.173,45
749,2016,metal,215.173,45
750,2013,hiphop,173.04,48
750,2013,pop,173.04,48
751,2007,hiphop,273.133,70
751,2007,pop,273.133,70
751,2007,r&b,273.133,70
752,2007,rock,165.12,65
753,2007,hiphop,238.8,3
753,2007,pop,238.8,3
753,2007,r&b,238.8,3
754,2006,hiphop,324.906,59
754,2006,pop,324.906,59
755,2006,pop,292.373,63
755,2006,r&b,292.373,63
756,2006,hiphop,256.426,57
756,2006,pop,256.426,57
756,2006,r&b,256.426,57
757,2007,hiphop,242.586,57
757,2007,pop,242.586,57
757,2007,r&b,242.586,57
758,2005,rock,252.04,69
758,2005,metal,252.04,69
759,2007,rock,203.506,76
760,2006,pop,444.333,57
761,2007,rock,182.826,76
762,2006,r&b,241.293,76
763,2007,hiphop,238.36,58
763,2007,pop,238.36,58
763,2007,r&b,238.36,58
764,2006,pop,267.413,56
764,2006,r&b,267.413,56
765,2007,pop,219.533,45
765,2007,latin,219.533,45
766,2017,dance/electronic,178.613,59
767,2005,pop,254.92,36
767,2005,dance/electronic,254.92,36
768,2007,pop,211.08,62
769,2007,rock,212.04,68
770,2007,pop,211.52,72
770,2007,rock,211.52,72
771,2019,pop,223.533,30
771,2019,rock,223.533,30
771,2019,metal,223.533,30
772,2006,hiphop,261.026,52
772,2006,pop,261.026,52
773,2007,rock,269.373,78
773,2007,metal,269.373,78
774,2007,hiphop,255.413,61
774,2007,pop,255.413,61
774,2007,r&b,255.413,61
775,2007,rock,204.2,67
776,2007,pop,232.946,46
777,2006,hiphop,238.266,57
777,2006,pop,238.266,57
777,2006,r&b,238.266,57
778,2006,hiphop,236.08,0
778,2006,pop,236.08,0
779,2006,pop,192.0,74
780,2006,pop,187.733,69
781,2006,pop,194.213,66
782,2007,hiphop,225.373,78
782,2007,pop,225.373,78
782,2007,r&b,225.373,78
783,2006,pop,293.066,52
784,2007,pop,280.026,68
785,2005,pop,199.946,76
785,2005,country,199.946,76
786,2006,dance/electronic,295.933,52
787,2007,hiphop,227.96,2
787,2007,pop,227.96,2
787,2007,r&b,227.96,2
788,2007,hiphop,287.48,61
788,2007,pop,287.48,61
789,2007,pop,240.493,68
790,2007,hiphop,263.92,57
790,2007,pop,263.92,57
791,2006,pop,235.173,57
792,2007,rock,235.693,53
792,2007,pop,235.693,53
793,2007,set(),261.32,58
794,2007,set(),241.133,56
795,2007,pop,206.52,62
796,2007,pop,237.76,58
797,2007,hiphop,275.106,64
797,2007,pop,275.106,64
797,2007,r&b,275.106,64
797,2007,dance/electronic,275.106,64
798,2006,rock,334.666,79
799,2006,hiphop,280.68,51
799,2006,pop,280.68,51
800,2008,hiphop,231.4,80
800,2008,pop,231.4,80
801,2008,pop,179.64,73
802,2008,hiphop,229.413,74
802,2008,pop,229.413,74
802,2008,r&b,229.413,74
803,2007,pop,253.813,77
803,2007,r&b,253.813,77
804,2007,hiphop,184.4,74
804,2007,pop,184.4,74
804,2007,r&b,184.4,74
805,2008,pop,232.0,71
805,2008,r&b,232.0,71
806,2007,hiphop,252.12,70
806,2007,pop,252.12,70
806,2007,r&b,252.12,70
807,2008,pop,249.146,66
807,2008,r&b,249.146,66
808,2008,hiphop,246.053,75
808,2008,pop,246.053,75
808,2008,r&b,246.053,75
809,2007,hiphop,216.146,70
809,2007,pop,216.146,70
810,2007,pop,209.8,65
810,2007,dance/electronic,209.8,65
811,2008,hiphop,238.626,76
811,2008,pop,238.626,76
811,2008,r&b,238.626,76
812,2011,hiphop,190.013,1
813,2007,pop,196.053,61
814,2008,hiphop,299.333,69
814,2008,pop,299.333,69
815,2008,pop,148.186,63
816,2007,hiphop,237.506,52
817,2009,pop,189.693,71
818,2008,pop,220.226,73
819,2008,hiphop,267.08,77
819,2008,pop,267.08,77
819,2008,r&b,267.08,77
820,2007,hiphop,245.52,56
820,2007,pop,245.52,56
821,2008,pop,240.746,69
822,2008,pop,224.4,76
823,2008,pop,157.432,65
823,2008,dance/electronic,157.432,65
824,2010,hiphop,207.92,34
824,2010,pop,207.92,34
824,2010,r&b,207.92,34
825,2008,hiphop,321.293,69
825,2008,pop,321.293,69
826,2008,pop,287.906,57
827,2008,pop,245.68,72
827,2008,r&b,245.68,72
828,2007,hiphop,327.88,46
828,2007,pop,327.88,46
829,2007,hiphop,221.933,74
829,2007,pop,221.933,74
830,2007,pop,212.106,64
831,2008,hiphop,338.853,75
831,2008,pop,338.853,75
832,2008,pop,234.36,65
832,2008,r&b,234.36,65
833,2008,hiphop,221.84,69
833,2008,pop,221.84,69
834,2008,hiphop,243.013,61
834,2008,pop,243.013,61
834,2008,r&b,243.013,61
835,2007,pop,190.453,0
836,2008,pop,176.453,65
837,2007,hiphop,250.666,68
837,2007,pop,250.666,68
837,2007,r&b,250.666,68
838,2007,rock,208.106,73
838,2007,metal,208.106,73
839,2008,pop,210.68,51
840,2011,hiphop,204.093,68
840,2011,pop,204.093,68
840,2011,dance/electronic,204.093,68
841,2008,r&b,202.133,56
842,2007,rock,262.24,56
842,2007,blues,262.24,56
843,2007,hiphop,188.493,66
843,2007,pop,188.493,66
843,2007,r&b,188.493,66
844,2008,pop,218.4,64
844,2008,r&b,218.4,64
845,2008,hiphop,236.693,65
845,2008,pop,236.693,65
845,2008,r&b,236.693,65
846,2008,pop,203.44,62
847,2008,rock,177.826,78
847,2008,pop,177.826,78
847,2008,metal,177.826,78
848,2007,hiphop,203.493,47
849,2008,r&b,284.733,78
850,2008,rock,222.826,69
850,2008,metal,222.826,69
851,2008,dance/electronic,313.346,57
852,2008,hiphop,320.893,60
852,2008,pop,320.893,60
853,2008,pop,244.266,57
853,2008,r&b,244.266,57
854,2008,pop,215.16,76
855,2008,hiphop,270.306,66
856,2008,hiphop,216.317,54
856,2008,pop,216.317,54
857,2007,pop,205.2,1
857,2007,rock,205.2,1
858,2008,pop,241.96,56
858,2008,rock,241.96,56
858,2008,metal,241.96,56
859,2007,pop,190.973,47
859,2007,dance/electronic,190.973,47
860,2008,pop,204.733,0
860,2008,r&b,204.733,0
861,2007,rock,302.84,77
862,2007,pop,171.226,55
862,2007,rock,171.226,55
862,2007,dance/electronic,171.226,55
863,2008,hiphop,244.626,58
863,2008,pop,244.626,58
864,2007,rock,222.44,57
864,2007,blues,222.44,57
864,2007,latin,222.44,57
865,2007,hiphop,267.866,62
865,2007,pop,267.866,62
865,2007,r&b,267.866,62
866,2008,hiphop,170.48,59
866,2008,dance/electronic,170.48,59
867,2008,hiphop,259.72,71
867,2008,pop,259.72,71
867,2008,r&b,259.72,71
868,2008,pop,212.36,53
868,2008,dance/electronic,212.36,53
869,2008,dance/electronic,207.476,55
870,2008,pop,310.573,51
870,2008,rock,310.573,51
870,2008,dance/electronic,310.573,51
871,2008,hiphop,240.76,61
871,2008,pop,240.76,61
871,2008,r&b,240.76,61
872,2008,pop,250.453,70
872,2008,r&b,250.453,70
873,2007,pop,314.72,62
873,2007,r&b,314.72,62
874,2007,pop,179.946,67
874,2007,rock,179.946,67
875,2008,hiphop,249.533,74
875,2008,pop,249.533,74
876,2007,hiphop,206.413,62
876,2007,pop,206.413,62
876,2007,r&b,206.413,62
877,2007,pop,223.853,59
878,2009,pop,217.826,63
879,2007,pop,242.133,64
879,2007,r&b,242.133,64
880,2007,pop,205.16,56
880,2007,r&b,205.16,56
881,2008,rock,242.373,80
881,2008,pop,242.373,80
882,2008,rock,203.346,80
883,2007,hiphop,207.0,45
884,2008,pop,219.92,69
884,2008,r&b,219.92,69
885,2008,pop,213.52,67
886,2007,hiphop,220.053,58
886,2007,pop,220.053,58
886,2007,r&b,220.053,58
886,2007,dance/electronic,220.053,58
887,2008,pop,206.0,51
887,2008,folk/acoustic,206.0,51
888,2007,pop,233.466,54
888,2007,r&b,233.466,54
889,2008,rock,222.653,63
889,2008,pop,222.653,63
890,2008,hiphop,204.04,1
890,2008,pop,204.04,1
890,2008,r&b,204.04,1
891,2008,pop,250.106,60
891,2008,r&b,250.106,60
891,2008,easylistening,250.106,60
892,2008,pop,284.186,55
892,2008,r&b,284.186,55
893,2008,pop,175.093,68
894,2007,hiphop,289.0,64
894,2007,pop,289.0,64
895,2008,hiphop,278.573,74
895,2008,pop,278.573,74
895,2008,r&b,278.573,74
896,2008,pop,210.506,1
896,2008,r&b,210.506,1
897,2007,pop,234.173,67
897,2007,r&b,234.173,67
898,2006,pop,240.426,58
898,2006,r&b,240.426,58
899,2008,hiphop,273.826,0
899,2008,pop,273.826,0
899,2008,r&b,273.826,0
900,2009,hiphop,289.133,80
900,2009,pop,289.133,80
901,2008,pop,237.2,77
902,2008,pop,261.64,74
902,2008,r&b,261.64,74
903,2010,hiphop,195.853,75
903,2010,pop,195.853,75
903,2010,dance/electronic,195.853,75
904,2009,hiphop,204.64,74
904,2009,pop,204.64,74
905,2008,pop,236.266,74
906,2009,hiphop,238.506,63
906,2009,pop,238.506,63
906,2009,latin,238.506,63
907,2008,pop,192.36,74
908,2008,pop,216.333,69
909,2009,rock,178.013,75
909,2009,pop,178.013,75
909,2009,metal,178.013,75
910,2009,rock,216.026,57
910,2009,pop,216.026,57
910,2009,dance/electronic,216.026,57
911,2009,hiphop,284.373,72
911,2009,pop,284.373,72
912,2008,hiphop,211.0,82
913,2009,hiphop,221.24,72
914,2008,pop,241.933,76
915,2008,pop,216.52,69
916,2009,hiphop,237.12,59
916,2009,pop,237.12,59
916,2009,latin,237.12,59
917,2009,pop,242.2,66
917,2009,r&b,242.2,66
918,2008,pop,208.066,48
918,2008,r&b,208.066,48
919,2009,pop,256.213,65
919,2009,dance/electronic,256.213,65
920,2009,hiphop,251.44,68
920,2009,pop,251.44,68
921,2009,pop,188.866,68
921,2009,latin,188.866,68
922,2008,pop,208.306,70
923,2009,hiphop,276.92,82
924,2009,pop,238.0,65
925,2009,hiphop,226.506,67
925,2009,pop,226.506,67
925,2009,r&b,226.506,67
926,2009,hiphop,207.2,63
926,2009,pop,207.2,63
926,2009,dance/electronic,207.2,63
927,2009,rock,268.613,68
927,2009,metal,268.613,68
928,2008,hiphop,231.173,66
928,2008,pop,231.173,66
929,2009,hiphop,267.52,75
930,2009,pop,294.573,80
931,2008,hiphop,338.853,75
931,2008,pop,338.853,75
932,2009,hiphop,269.613,63
933,2011,hiphop,177.573,38
933,2011,pop,177.573,38
933,2011,dance/electronic,177.573,38
934,2009,pop,220.426,58
934,2009,r&b,220.426,58
935,2009,hiphop,227.533,64
935,2009,pop,227.533,64
935,2009,r&b,227.533,64
936,2008,hiphop,206.333,59
936,2008,pop,206.333,59
937,2009,rock,127.92,2
938,2009,hiphop,212.106,3
938,2009,pop,212.106,3
938,2009,r&b,212.106,3
939,2008,pop,248.066,41
939,2008,r&b,248.066,41
940,2010,hiphop,191.0,69
940,2010,pop,191.0,69
940,2010,dance/electronic,191.0,69
941,2009,pop,223.253,65
941,2009,dance/electronic,223.253,65
942,2008,hiphop,193.386,76
942,2008,pop,193.386,76
943,2009,hiphop,297.52,70
944,2010,pop,251.44,46
945,2009,pop,212.773,59
945,2009,dance/electronic,212.773,59
946,2009,pop,196.52,54
946,2009,dance/electronic,196.52,54
947,2009,pop,196.64,0
948,2008,hiphop,192.573,70
948,2008,pop,192.573,70
948,2008,rock,192.573,70
949,2009,set(),222.4,65
950,2008,pop,218.4,64
950,2008,r&b,218.4,64
951,2008,pop,312.986,65
952,2009,pop,206.48,57
953,2009,pop,249.026,51
953,2009,r&b,249.026,51
954,2009,hiphop,357.706,73
954,2009,pop,357.706,73
954,2009,r&b,357.706,73
955,2009,pop,202.586,63
955,2009,dance/electronic,202.586,63
956,2008,hiphop,270.306,66
957,2005,pop,255.36,58
957,2005,dance/electronic,255.36,58
958,2009,hiphop,231.573,59
958,2009,pop,231.573,59
958,2009,r&b,231.573,59
959,2010,hiphop,221.253,70
959,2010,pop,221.253,70
960,2009,pop,201.213,54
961,2008,hiphop,299.746,68
961,2008,pop,299.746,68
962,2009,hiphop,239.986,71
962,2009,pop,239.986,71
962,2009,r&b,239.986,71
963,2008,rock,198.44,77
963,2008,pop,198.44,77
963,2008,dance/electronic,198.44,77
964,2009,pop,196.413,65
964,2009,dance/electronic,196.413,65
965,2008,rock,249.066,66
965,2008,metal,249.066,66
966,2009,pop,205.733,71
966,2009,dance/electronic,205.733,71
967,2009,rock,252.279,64
968,2009,hiphop,210.973,55
968,2009,pop,210.973,55
968,2009,dance/electronic,210.973,55
969,2009,pop,215.866,71
970,2008,hiphop,289.746,65
970,2008,pop,289.746,65
970,2008,r&b,289.746,65
971,2009,pop,248.626,59
971,2009,dance/electronic,248.626,59
972,2009,rock,304.84,75
973,2008,rock,252.653,62
973,2008,metal,252.653,62
974,2008,pop,250.453,70
974,2008,r&b,250.453,70
975,2008,hiphop,249.533,74
975,2008,pop,249.533,74
976,2011,hiphop,220.626,60
976,2011,pop,220.626,60
976,2011,dance/electronic,220.626,60
977,2008,pop,193.213,67
977,2008,r&b,193.213,67
978,2009,pop,226.706,64
979,2009,hiphop,221.92,62
979,2009,pop,221.92,62
979,2009,r&b,221.92,62
980,2009,pop,224.693,74
981,2013,pop,195.586,39
982,2009,country,204.2,50
983,2009,pop,256.613,67
984,2009,pop,207.12,53
985,2008,rock,203.346,80
986,2010,hiphop,258.76,54
986,2010,pop,258.76,54
986,2010,r&b,258.76,54
987,2009,pop,281.56,56
987,2009,r&b,281.56,56
988,2009,pop,202.066,79
989,2009,pop,241.92,57
989,2009,r&b,241.92,57
990,2008,pop,254.533,64
990,2008,r&b,254.533,64
991,2009,rock,321.093,73
992,2009,pop,326.186,57
992,2009,r&b,326.186,57
993,2008,pop,231.146,55
994,2008,rock,222.066,67
994,2008,metal,222.066,67
995,2009,hiphop,241.933,62
995,2009,pop,241.933,62
996,2008,pop,199.186,49
997,2009,pop,211.493,68
997,2009,r&b,211.493,68
998,2009,folk/acoustic,245.173,68
998,2009,rock,245.173,68
998,2009,pop,245.173,68
999,2009,pop,241.853,73
1000,2010,pop,220.734,77
1001,2010,hiphop,263.373,81
1002,2009,pop,294.573,80
1003,2010,pop,206.066,77
1004,2010,pop,199.693,80
1004,2010,dance/electronic,199.693,80
1005,2010,hiphop,210.853,76
1005,2010,pop,210.853,76
1005,2010,dance/electronic,210.853,76
1006,2010,hiphop,202.613,80
1006,2010,pop,202.613,80
1007,2010,hiphop,235.493,73
1007,2010,pop,235.493,73
1007,2010,r&b,235.493,73
1008,2012,pop,234.653,72
1009,2010,pop,215.2,68
1009,2010,dance/electronic,215.2,68
1010,2010,pop,217.036,42
1011,2010,hiphop,216.893,73
1011,2010,pop,216.893,73
1012,2010,hiphop,188.0,62
1012,2010,pop,188.0,62
1012,2010,dance/electronic,188.0,62
1013,2010,dance/electronic,196.533,46
1014,2011,latin,213.986,0
1015,2009,hiphop,208.426,67
1015,2009,pop,208.426,67
1015,2009,r&b,208.426,67
1016,2009,hiphop,232.466,69
1016,2009,pop,232.466,69
1016,2009,r&b,232.466,69
1017,2010,pop,192.446,63
1017,2010,dance/electronic,192.446,63
1018,2010,pop,184.573,66
1019,2010,hiphop,201.546,74
1019,2010,pop,201.546,74
1020,2009,hiphop,257.56,61
1020,2009,pop,257.56,61
1021,2009,dance/electronic,320.348,47
1022,2010,hiphop,248.133,79
1023,2009,pop,274.213,67
1024,2009,hiphop,222.92,74
1024,2009,pop,222.92,74
1024,2009,r&b,222.92,74
1025,2010,pop,251.573,57
1025,2010,r&b,251.573,57
1026,2010,hiphop,203.093,32
1026,2010,pop,203.093,32
1026,2010,rock,203.093,32
1027,2010,hiphop,307.64,69
1027,2010,pop,307.64,69
1028,2011,hiphop,218.106,59
1028,2011,pop,218.106,59
1028,2011,r&b,218.106,59
1029,2010,pop,163.246,63
1029,2010,dance/electronic,163.246,63
1030,2011,hiphop,276.56,68
1030,2011,pop,276.56,68
1030,2011,r&b,276.56,68
1031,2010,hiphop,220.8,79
1031,2010,pop,220.8,79
1031,2010,r&b,220.8,79
1032,2009,hiphop,182.306,75
1032,2009,pop,182.306,75
1033,2010,hiphop,234.56,76
1033,2010,pop,234.56,76
1034,2010,hiphop,201.946,74
1034,2010,pop,201.946,74
1034,2010,r&b,201.946,74
1035,2010,hiphop,263.773,58
1035,2010,pop,263.773,58
1036,2010,hiphop,207.653,57
1036,2010,pop,207.653,57
1036,2010,dance/electronic,207.653,57
1037,2010,pop,217.866,76
1038,2010,pop,168.213,0
1039,2010,hiphop,213.293,75
1039,2010,pop,213.293,75
1039,2010,dance/electronic,213.293,75
1040,2009,pop,220.64,69
1041,2010,dance/electronic,157.438,1
1042,2009,hiphop,250.6,55
1042,2009,pop,250.6,55
1042,2009,r&b,250.6,55
1043,2010,hiphop,268.053,53
1043,2010,pop,268.053,53
1043,2010,dance/electronic,268.053,53
1044,2009,pop,227.32,57
1045,2010,hiphop,242.013,0
1045,2010,pop,242.013,0
1045,2010,r&b,242.013,0
1046,2009,hiphop,292.706,68
1046,2009,pop,292.706,68
1046,2009,r&b,292.706,68
1047,2010,pop,231.373,63
1047,2010,latin,231.373,63
1048,2010,pop,203.96,0
1048,2010,dance/electronic,203.96,0
1049,2010,hiphop,269.493,73
1049,2010,pop,269.493,73
1049,2010,r&b,269.493,73
1050,2010,pop,216.2,67
1051,2009,hiphop,212.106,3
1051,2009,pop,212.106,3
1051,2009,r&b,212.106,3
1052,2010,hiphop,267.0,68
1052,2010,pop,267.0,68
1052,2010,r&b,267.0,68
1053,2010,hiphop,192.44,62
1053,2010,pop,192.44,62
1053,2010,rock,192.44,62
1054,2010,pop,214.24,81
1055,2011,hiphop,237.48,66
1055,2011,pop,237.48,66
1056,2010,pop,206.46,54
1056,2010,dance/electronic,206.46,54
1057,2009,set(),220.52,57
1058,2010,hiphop,201.586,63
1058,2010,pop,201.586,63
1059,2010,pop,172.053,61
1059,2010,dance/electronic,172.053,61
1060,2010,hiphop,232.506,51
1060,2010,pop,232.506,51
1061,2010,hiphop,199.026,65
1061,2010,pop,199.026,65
1062,2010,r&b,243.053,1
1063,2010,hiphop,180.48,74
1063,2010,pop,180.48,74
1064,2010,hiphop,216.933,68
1064,2010,pop,216.933,68
1065,2010,hiphop,237.8,73
1065,2010,pop,237.8,73
1065,2010,r&b,237.8,73
1066,2010,hiphop,263.173,66
1066,2010,pop,263.173,66
1066,2010,r&b,263.173,66
1067,2010,pop,226.533,35
1067,2010,r&b,226.533,35
1068,2010,pop,289.359,57
1069,2009,hiphop,207.546,54
1069,2009,pop,207.546,54
1069,2009,r&b,207.546,54
1070,2010,hiphop,221.253,70
1070,2010,pop,221.253,70
1071,2010,hiphop,233.56,57
1071,2010,pop,233.56,57
1071,2010,r&b,233.56,57
1072,2010,pop,181.826,63
1072,2010,dance/electronic,181.826,63
1073,2010,dance/electronic,208.853,62
1074,2010,pop,207.613,61
1074,2010,dance/electronic,207.613,61
1075,2009,hiphop,210.306,2
1075,2009,pop,210.306,2
1075,2009,r&b,210.306,2
1076,2010,hiphop,224.093,60
1076,2010,pop,224.093,60
1076,2010,r&b,224.093,60
1077,2010,hiphop,271.946,68
1077,2010,pop,271.946,68
1078,2010,pop,205.2,18
1078,2010,dance/electronic,205.2,18
1079,2010,pop,187.133,69
1079,2010,dance/electronic,187.133,69
1080,2010,pop,176.613,54
1080,2010,rock,176.613,54
1080,2010,dance/electronic,176.613,54
1081,2010,hiphop,208.946,56
1081,2010,pop,208.946,56
1081,2010,r&b,208.946,56
1082,2010,hiphop,215.746,66
1082,2010,pop,215.746,66
1083,2010,world/traditional,189.693,0
1083,2010,rock,189.693,0
1083,2010,pop,189.693,0
1084,2009,hiphop,253.906,65
1085,2009,hiphop,288.133,71
1085,2009,pop,288.133,71
1086,2010,hiphop,268.32,74
1086,2010,pop,268.32,74
1087,2010,pop,227.741,69
1088,2017,pop,210.68,52
1088,2017,rock,210.68,52
1089,2010,hiphop,211.16,72
1089,2010,pop,211.16,72
1090,2009,rock,228.346,78
1090,2009,pop,228.346,78
1091,2009,pop,216.48,71
1091,2009,r&b,216.48,71
1092,2010,pop,236.44,73
1092,2010,country,236.44,73
1093,2010,pop,293.026,65
1094,2010,rock,212.306,64
1094,2010,pop,212.306,64
1095,2009,pop,212.506,51
1096,2011,pop,226.0,46
1097,2010,pop,288.67,0
1097,2010,dance/electronic,288.67,0
1098,2010,country,222.773,64
1099,2010,hiphop,196.133,65
1099,2010,pop,196.133,65
1100,2011,pop,228.093,2
1100,2011,r&b,228.093,2
1101,2010,pop,201.493,77
1102,2011,hiphop,262.146,73
1102,2011,pop,262.146,73
1102,2011,dance/electronic,262.146,73
1103,2010,pop,227.893,72
1104,2010,pop,222.091,78
1105,2011,hiphop,234.453,71
1105,2011,pop,234.453,71
1105,2011,latin,234.453,71
1106,2011,pop,195.105,0
1106,2011,dance/electronic,195.105,0
1107,2010,hiphop,201.04,71
1107,2010,pop,201.04,71
1107,2010,dance/electronic,201.04,71
1108,2011,hiphop,284.866,79
1108,2011,pop,284.866,79
1108,2011,r&b,284.866,79
1109,2010,hiphop,243.533,73
1109,2010,pop,243.533,73
1109,2010,r&b,243.533,73
1110,2010,pop,219.973,69
1110,2010,dance/electronic,219.973,69
1111,2011,hiphop,195.986,68
1111,2011,pop,195.986,68
1112,2010,hiphop,187.626,61
1112,2010,pop,187.626,61
1113,2010,hiphop,219.986,67
1113,2010,pop,219.986,67
1113,2010,r&b,219.986,67
1114,2011,pop,195.466,42
1114,2011,dance/electronic,195.466,42
1115,2010,hiphop,219.426,76
1115,2010,pop,219.426,76
1116,2012,hiphop,194.84,72
1116,2012,pop,194.84,72
1116,2012,dance/electronic,194.84,72
1117,2011,pop,281.106,51
1117,2011,dance/electronic,281.106,51
1118,2011,hiphop,252.306,81
1118,2011,pop,252.306,81
1118,2011,latin,252.306,81
1119,2011,pop,188.453,79
1119,2011,dance/electronic,188.453,79
1120,2011,hiphop,217.666,75
1120,2011,pop,217.666,75
1121,2012,pop,229.573,65
1122,2011,pop,210.266,66
1123,2011,hiphop,210.96,81
1123,2011,pop,210.96,81
1124,2010,pop,184.573,66
1125,2010,pop,232.213,63
1125,2010,latin,232.213,63
1126,2010,hiphop,228.453,72
1126,2010,pop,228.453,72
1126,2010,r&b,228.453,72
1127,2011,dance/electronic,215.624,49
1128,2011,pop,202.266,61
1128,2011,dance/electronic,202.266,61
1129,2011,hiphop,199.48,67
1129,2011,pop,199.48,67
1129,2011,dance/electronic,199.48,67
1130,2011,pop,215.693,70
1130,2011,dance/electronic,215.693,70
1131,2011,hiphop,195.24,57
1131,2011,pop,195.24,57
1132,2012,pop,206.776,55
1132,2012,dance/electronic,206.776,55
1133,2010,hiphop,263.773,76
1133,2010,pop,263.773,76
1134,2011,rock,190.786,65
1134,2011,metal,190.786,65
1135,2011,rock,243.96,76
1135,2011,pop,243.96,76
1135,2011,metal,243.96,76
1135,2011,dance/electronic,243.96,76
1136,2011,pop,237.946,65
1137,2012,pop,274.6,62
1138,2011,hiphop,206.08,63
1138,2011,pop,206.08,63
1139,2011,rock,278.719,82
1139,2011,pop,278.719,82
1140,2012,pop,230.746,74
1141,2011,pop,242.973,2
1141,2011,r&b,242.973,2
1142,2011,hiphop,283.733,71
1143,2011,hiphop,248.586,1
1143,2011,pop,248.586,1
1144,2011,hiphop,296.146,70
1144,2011,pop,296.146,70
1145,2011,hiphop,222.586,71
1145,2011,pop,222.586,71
1145,2011,r&b,222.586,71
1146,2010,hiphop,211.253,61
1146,2010,pop,211.253,61
1147,2011,pop,197.935,77
1147,2011,dance/electronic,197.935,77
1148,2010,pop,204.76,71
1148,2010,dance/electronic,204.76,71
1149,2011,hiphop,230.56,65
1149,2011,pop,230.56,65
1149,2011,r&b,230.56,65
1150,2011,hiphop,215.226,75
1150,2011,pop,215.226,75
1150,2011,r&b,215.226,75
1151,2011,pop,197.44,62
1151,2011,dance/electronic,197.44,62
1152,2011,hiphop,224.333,48
1152,2011,pop,224.333,48
1153,2011,hiphop,241.666,69
1153,2011,pop,241.666,69
1153,2011,r&b,241.666,69
1154,2011,pop,213.337,65
1154,2011,dance/electronic,213.337,65
1155,2010,hiphop,299.613,76
1156,2010,pop,195.373,78
1156,2010,r&b,195.373,78
1157,2010,hiphop,238.693,69
1157,2010,pop,238.693,69
1157,2010,r&b,238.693,69
1158,2010,hiphop,263.173,66
1158,2010,pop,263.173,66
1158,2010,r&b,263.173,66
1159,2019,hiphop,225.881,53
1159,2019,pop,225.881,53
1159,2019,r&b,225.881,53
1160,2011,pop,220.706,74
1161,2011,dance/electronic,235.735,39
1162,2011,dance/electronic,233.666,60
1163,2011,hiphop,237.293,48
1163,2011,dance/electronic,237.293,48
1164,2011,pop,195.613,76
1164,2011,dance/electronic,195.613,76
1165,2011,hiphop,186.851,59
1166,2011,pop,260.253,72
1167,2010,hiphop,200.013,0
1167,2010,pop,200.013,0
1168,2011,hiphop,165.908,61
1169,2012,hiphop,222.186,62
1169,2012,pop,222.186,62
1169,2012,dance/electronic,222.186,62
1170,2012,hiphop,208.133,70
1170,2012,pop,208.133,70
1170,2012,dance/electronic,208.133,70
1171,2011,rock,239.6,82
1171,2011,pop,239.6,82
1172,2011,hiphop,235.986,74
1172,2011,pop,235.986,74
1172,2011,r&b,235.986,74
1173,2011,hiphop,223.053,73
1173,2011,pop,223.053,73
1174,2010,country,229.413,53
1175,2011,hiphop,227.773,63
1175,2011,pop,227.773,63
1176,2009,pop,253.306,72
1177,2011,hiphop,303.813,68
1177,2011,pop,303.813,68
1178,2010,pop,189.109,75
1179,2011,hiphop,239.613,70
1179,2011,pop,239.613,70
1180,2011,pop,229.303,64
1180,2011,r&b,229.303,64
1181,2011,hiphop,192.2,70
1181,2011,pop,192.2,70
1182,2011,pop,285.24,4
1182,2011,r&b,285.24,4
1183,2011,rock,282.4,65
1184,2010,pop,243.92,67
1184,2010,r&b,243.92,67
1185,2010,pop,213.413,60
1186,2011,country,210.72,50
1187,2011,pop,320.546,67
1188,2011,pop,218.84,63
1188,2011,country,218.84,63
1189,2011,hiphop,200.466,73
1189,2011,pop,200.466,73
1189,2011,rock,200.466,73
1190,2011,pop,218.013,79
1190,2011,rock,218.013,79
1190,2011,folk/acoustic,218.013,79
1191,2011,rock,240.796,69
1191,2011,pop,240.796,69
1192,2011,pop,253.746,69
1192,2011,r&b,253.746,69
1193,2010,pop,202.96,76
1194,2011,pop,246.587,72
1195,2010,pop,230.192,75
1196,2010,country,222.773,64
1197,2011,hiphop,240.306,0
1197,2011,pop,240.306,0
1198,2011,pop,197.577,60
1199,2011,pop,285.12,70
1200,2011,hiphop,215.226,75
1200,2011,pop,215.226,75
1200,2011,r&b,215.226,75
1201,2012,pop,193.4,78
1201,2012,dance/electronic,193.4,78
1202,2012,rock,250.626,76
1202,2012,pop,250.626,76
1203,2012,hiphop,227.786,70
1203,2012,pop,227.786,70
1204,2011,hiphop,227.28,74
1204,2011,pop,227.28,74
1204,2011,latin,227.28,74
1205,2012,pop,226.226,52
1205,2012,dance/electronic,226.226,52
1206,2012,pop,286.48,74
1206,2012,r&b,286.48,74
1207,2012,hiphop,199.68,65
1207,2012,pop,199.68,65
1207,2012,dance/electronic,199.68,65
1208,2011,hiphop,242.68,71
1208,2011,pop,242.68,71
1208,2011,r&b,242.68,71
1209,2011,hiphop,219.333,82
1210,2012,pop,219.546,74
1211,2011,hiphop,215.253,70
1211,2011,pop,215.253,70
1211,2011,dance/electronic,215.253,70
1212,2012,pop,198.8,69
1212,2012,dance/electronic,198.8,69
1213,2012,hiphop,224.653,77
1213,2012,pop,224.653,77
1214,2013,hiphop,279.026,62
1214,2013,pop,279.026,62
1215,2012,hiphop,222.5,66
1215,2012,pop,222.5,66
1215,2012,dance/electronic,222.5,66
1216,2012,hiphop,205.64,64
1216,2012,pop,205.64,64
1217,2012,hiphop,313.786,63
1218,2012,pop,221.075,78
1218,2012,dance/electronic,221.075,78
1219,2012,hiphop,329.32,73
1220,2012,pop,182.333,58
1220,2012,dance/electronic,182.333,58
1221,2011,hiphop,199.48,67
1221,2011,pop,199.48,67
1221,2011,dance/electronic,199.48,67
1222,2012,pop,219.493,72
1223,2012,pop,211.92,78
1223,2012,dance/electronic,211.92,78
1224,2012,hiphop,234.693,66
1224,2012,pop,234.693,66
1224,2012,r&b,234.693,66
1225,2012,pop,185.586,0
1225,2012,dance/electronic,185.586,0
1226,2012,rock,230.253,73
1226,2012,metal,230.253,73
1227,2012,pop,233.478,85
1228,2011,pop,199.906,77
1228,2011,dance/electronic,199.906,77
1229,2012,hiphop,248.133,76
1229,2012,pop,248.133,76
1230,2012,hiphop,225.146,75
1230,2012,pop,225.146,75
1230,2012,r&b,225.146,75
1231,2012,hiphop,219.026,62
1231,2012,pop,219.026,62
1232,2012,pop,216.16,73
1233,2012,hiphop,210.626,75
1233,2012,pop,210.626,75
1234,2012,hiphop,350.12,67
1235,2012,pop,212.36,0
1236,2011,rock,218.19,68
1236,2011,pop,218.19,68
1236,2011,dance/electronic,218.19,68
1237,2014,hiphop,204.956,0
1237,2014,pop,204.956,0
1237,2014,r&b,204.956,0
1238,2012,pop,231.173,82
1239,2013,pop,209.44,75
1240,2012,country,166.866,0
1240,2012,latin,166.866,0
1241,2012,pop,192.866,0
1241,2012,dance/electronic,192.866,0
1242,2012,pop,156.773,51
1242,2012,dance/electronic,156.773,51
1243,2012,hiphop,203.2,61
1243,2012,pop,203.2,61
1244,2012,hiphop,206.413,79
1244,2012,pop,206.413,79
1244,2012,dance/electronic,206.413,79
1245,2012,hiphop,237.266,0
1245,2012,pop,237.266,0
1245,2012,r&b,237.266,0
1246,2012,pop,251.266,0
1246,2012,rock,251.266,0
1246,2012,dance/electronic,251.266,0
1247,2011,pop,223.266,0
1247,2011,r&b,223.266,0
1248,2011,rock,278.719,82
1248,2011,pop,278.719,82
1249,2012,hiphop,227.973,64
1249,2012,pop,227.973,64
1249,2012,r&b,227.973,64
1250,2012,hiphop,234.093,64
1250,2012,pop,234.093,64
1250,2012,r&b,234.093,64
1251,2012,hiphop,232.8,66
1251,2012,pop,232.8,66
1251,2012,dance/electronic,232.8,66
1252,2012,pop,202.533,78
1252,2012,rock,202.533,78
1253,2012,pop,212.862,76
1253,2012,dance/electronic,212.862,76
1254,2012,pop,221.493,50
1254,2012,dance/electronic,221.493,50
1255,2012,pop,171.333,63
1256,2012,hiphop,245.04,79
1256,2012,pop,245.04,79
1256,2012,dance/electronic,245.04,79
1257,2011,hiphop,231.84,74
1257,2011,pop,231.84,74
1258,2012,pop,219.72,59
1259,2012,hiphop,197.131,61
1259,2012,pop,197.131,61
1260,2012,pop,247.906,76
1261,2012,pop,201.053,68
1261,2012,rock,201.053,68
1262,2011,hiphop,207.333,77
1262,2011,pop,207.333,77
1263,2012,pop,229.466,67
1264,2012,hiphop,228.026,46
1264,2012,pop,228.026,46
1264,2012,dance/electronic,228.026,46
1265,2011,rock,256.613,60
1266,2012,hiphop,206.666,58
1266,2012,pop,206.666,58
1267,2012,pop,195.48,0
1267,2012,dance/electronic,195.48,0
1268,2012,pop,250.08,0
1269,2012,pop,227.333,72
1270,2012,pop,211.88,53
1270,2012,dance/electronic,211.88,53
1271,2011,set(),244.884,57
1272,2012,hiphop,232.946,77
1272,2012,pop,232.946,77
1273,2012,pop,199.986,82
1274,2012,pop,286.253,53
1275,2012,pop,214.333,0
1275,2012,dance/electronic,214.333,0
1276,2012,rock,205.933,77
1276,2012,pop,205.933,77
1277,2012,hiphop,234.36,62
1277,2012,pop,234.36,62
1277,2012,dance/electronic,234.36,62
1278,2012,pop,283.706,65
1278,2012,r&b,283.706,65
1279,2010,pop,210.853,63
1279,2010,rock,210.853,63
1279,2010,dance/electronic,210.853,63
1280,2012,pop,195.973,77
1281,2013,pop,255.631,74
1281,2013,dance/electronic,255.631,74
1282,2011,rock,239.215,66
1282,2011,pop,239.215,66
1283,2012,pop,200.186,0
1284,2011,hiphop,222.213,61
1284,2011,pop,222.213,61
1285,2012,pop,240.133,63
1285,2012,country,240.133,63
1286,2012,rock,227.08,71
1287,2012,hiphop,222.306,62
1287,2012,pop,222.306,62
1287,2012,r&b,222.306,62
1288,2011,pop,221.946,74
1288,2011,r&b,221.946,74
1289,2011,hiphop,181.573,74
1289,2011,pop,181.573,74
1289,2011,r&b,181.573,74
1290,2012,pop,220.946,65
1291,2012,hiphop,247.026,48
1291,2012,pop,247.026,48
1291,2012,dance/electronic,247.026,48
1292,2013,pop,245.186,64
1292,2013,dance/electronic,245.186,64
1293,2012,pop,289.08,66
1294,2012,pop,251.626,69
1294,2012,r&b,251.626,69
1295,2011,pop,205.346,71
1296,2011,hiphop,277.386,75
1296,2011,pop,277.386,75
1296,2011,r&b,277.386,75
1297,2012,pop,219.733,0
1298,2011,pop,257.72,74
1299,2011,pop,214.013,67
1299,2011,dance/electronic,214.013,67
1300,2013,pop,190.185,77
1300,2013,dance/electronic,190.185,77
1301,2013,pop,263.053,55
1301,2013,r&b,263.053,55
1302,2012,rock,186.813,77
1303,2013,pop,247.426,6
1303,2013,dance/electronic,247.426,6
1304,2012,pop,233.478,85
1305,2012,hiphop,235.613,1
1305,2012,pop,235.613,1
1306,2013,hiphop,248.413,83
1306,2013,dance/electronic,248.413,83
1307,2013,hiphop,283.4,78
1307,2013,pop,283.4,78
1308,2013,pop,232.146,0
1309,2013,pop,166.933,1
1309,2013,dance/electronic,166.933,1
1310,2013,dance/electronic,220.779,58
1311,2013,pop,244.36,88
1312,2013,hiphop,227.906,69
1312,2013,pop,227.906,69
1313,2012,hiphop,201.0,69
1313,2012,pop,201.0,69
1313,2012,dance/electronic,201.0,69
1314,2012,hiphop,229.506,77
1314,2012,pop,229.506,77
1314,2012,latin,229.506,77
1315,2013,hiphop,279.506,68
1315,2013,pop,279.506,68
1316,2013,hiphop,255.053,68
1316,2013,pop,255.053,68
1317,2012,hiphop,258.342,81
1317,2012,pop,258.342,81
1318,2013,pop,176.117,0
1318,2013,dance/electronic,176.117,0
1319,2013,hiphop,177.685,56
1319,2013,pop,177.685,56
1320,2013,set(),239.894,74
1321,2013,pop,247.853,0
1322,2013,rock,240.4,89
1322,2013,pop,240.4,89
1323,2013,pop,221.272,68
1323,2013,dance/electronic,221.272,68
1324,2013,pop,192.693,0
1325,2013,pop,210.84,79
1326,2013,rock,161.123,84
1327,2012,pop,227.986,73
1328,2013,hiphop,250.188,75
1329,2012,hiphop,206.12,64
1329,2012,pop,206.12,64
1329,2012,latin,206.12,64
1330,2013,pop,231.986,69
1331,2012,pop,230.733,71
1332,2013,pop,277.687,54
1332,2013,dance/electronic,277.687,54
1333,2012,hiphop,223.8,60
1333,2012,pop,223.8,60
1334,2013,hiphop,188.013,0
1335,2013,pop,214.912,72
1336,2013,hiphop,238.746,66
1337,2013,pop,157.152,68
1337,2013,dance/electronic,157.152,68
1338,2013,rock,186.826,71
1339,2013,pop,193.058,0
1339,2013,dance/electronic,193.058,0
1340,2012,pop,208.316,68
1340,2012,dance/electronic,208.316,68
1341,2012,rock,177.506,81
1342,2013,pop,157.293,66
1343,2012,pop,219.72,76
1344,2013,rock,272.394,84
1345,2013,pop,292.586,66
1345,2013,dance/electronic,292.586,66
1346,2014,pop,238.12,68
1346,2014,dance/electronic,238.12,68
1347,2012,hiphop,240.346,61
1347,2012,pop,240.346,61
1347,2012,dance/electronic,240.346,61
1348,2013,hiphop,233.786,76
1349,2012,pop,247.906,76
1350,2013,hiphop,213.708,63
1351,2014,pop,231.211,70
1351,2014,rock,231.211,70
1351,2014,dance/electronic,231.211,70
1352,2013,dance/electronic,196.664,57
1353,2012,hiphop,234.506,70
1353,2012,pop,234.506,70
1353,2012,dance/electronic,234.506,70
1354,2013,pop,204.285,60
1355,2011,pop,259.102,2
1355,2011,rock,259.102,2
1356,2013,pop,174.853,27
1356,2013,dance/electronic,174.853,27
1357,2013,hiphop,226.986,50
1357,2013,pop,226.986,50
1358,2014,dance/electronic,150.4,0
1359,2012,hiphop,212.56,71
1359,2012,pop,212.56,71
1359,2012,dance/electronic,212.56,71
1360,2013,pop,228.878,0
1361,2013,hiphop,238.826,61
1361,2013,pop,238.826,61
1361,2013,r&b,238.826,61
1362,2013,pop,234.04,64
1362,2013,r&b,234.04,64
1363,2013,hiphop,174.12,65
1363,2013,pop,174.12,65
1363,2013,r&b,174.12,65
1364,2013,pop,252.106,48
1365,2013,pop,214.205,61
1365,2013,rock,214.205,61
1366,2012,pop,206.373,59
1366,2012,dance/electronic,206.373,59
1367,2013,pop,223.546,73
1368,2013,country,215.72,56
1369,2012,hiphop,247.933,65
1369,2012,pop,247.933,65
1369,2012,dance/electronic,247.933,65
1370,2013,hiphop,338.413,62
1371,2012,pop,200.946,72
1372,2013,pop,220.682,61
1372,2013,dance/electronic,220.682,61
1373,2013,pop,214.147,74
1373,2013,rock,214.147,74
1374,2013,pop,200.106,76
1375,2013,hiphop,209.466,57
1375,2013,pop,209.466,57
1375,2013,r&b,209.466,57
1376,2012,hiphop,271.426,0
1376,2012,pop,271.426,0
1376,2012,dance/electronic,271.426,0
1377,2013,pop,221.36,77
1378,2013,hiphop,213.666,0
1378,2013,pop,213.666,0
1378,2013,r&b,213.666,0
1379,2013,hiphop,353.893,69
1379,2013,dance/electronic,353.893,69
1380,2013,pop,204.36,66
1380,2013,dance/electronic,204.36,66
1381,2013,pop,484.146,78
1382,2012,pop,178.56,78
1383,2012,pop,266.6,79
1383,2012,rock,266.6,79
1383,2012,folk/acoustic,266.6,79
1384,2013,pop,231.24,78
1385,2013,hiphop,241.16,0
1386,2013,pop,216.013,79
1386,2013,rock,216.013,79
1387,2013,pop,250.706,59
1388,2013,hiphop,227.88,72
1388,2013,pop,227.88,72
1388,2013,r&b,227.88,72
1389,2013,pop,238.0,0
1390,2012,pop,225.066,66
1391,2013,hiphop,235.662,0
1392,2013,pop,214.08,0
1393,2012,pop,232.12,68
1394,2012,pop,252.866,73
1395,2013,pop,227.026,65
1396,2012,hiphop,240.706,76
1396,2012,pop,240.706,76
1396,2012,r&b,240.706,76
1397,2013,pop,326.28,67
1398,2012,pop,213.826,83
1399,2012,country,208.96,57
1400,2014,hiphop,232.72,79
1400,2014,pop,232.72,79
1401,2013,pop,215.672,74
1402,2014,hiphop,299.96,0
1402,2014,pop,299.96,0
1403,2014,hiphop,199.938,69
1403,2014,pop,199.938,69
1404,2014,pop,231.013,79
1405,2014,pop,172.723,80
1406,2014,set(),224.84,80
1407,2014,pop,216.12,78
1408,2013,pop,269.56,84
1408,2013,r&b,269.56,84
1409,2014,dance/electronic,223.386,49
1410,2015,pop,187.92,72
1411,2014,hiphop,203.52,50
1411,2014,pop,203.52,50
1411,2014,dance/electronic,203.52,50
1412,2014,hiphop,209.423,67
1412,2014,pop,209.423,67
1413,2014,pop,209.16,74
1413,2014,dance/electronic,209.16,74
1414,2014,pop,165.44,67
1414,2014,dance/electronic,165.44,67
1415,2014,hiphop,247.266,69
1415,2014,pop,247.266,69
1415,2014,dance/electronic,247.266,69
1416,2013,hiphop,177.685,56
1416,2013,pop,177.685,56
1417,2014,pop,189.84,0
1418,2014,hiphop,170.625,45
1418,2014,pop,170.625,45
1418,2014,dance/electronic,170.625,45
1419,2014,hiphop,227.0,71
1419,2014,pop,227.0,71
1419,2014,r&b,227.0,71
1419,2014,dance/electronic,227.0,71
1420,2014,pop,259.934,72
1420,2014,dance/electronic,259.934,72
1421,2014,pop,211.933,54
1422,2015,hiphop,231.906,62
1422,2015,pop,231.906,62
1422,2015,r&b,231.906,62
1423,2014,hiphop,184.28,72
1423,2014,pop,184.28,72
1423,2014,dance/electronic,184.28,72
1424,2014,hiphop,239.573,61
1424,2014,pop,239.573,61
1425,2013,hiphop,193.295,66
1425,2013,pop,193.295,66
1426,2014,pop,189.399,66
1426,2014,rock,189.399,66
1427,2015,hiphop,266.84,74
1427,2015,pop,266.84,74
1427,2015,r&b,266.84,74
1428,2014,hiphop,260.24,66
1428,2014,pop,260.24,66
1429,2014,hiphop,212.96,75
1429,2014,pop,212.96,75
1429,2014,dance/electronic,212.96,75
1430,2013,hiphop,213.733,70
1430,2013,pop,213.733,70
1430,2013,dance/electronic,213.733,70
1431,2012,hiphop,204.16,80
1431,2012,pop,204.16,80
1431,2012,latin,204.16,80
1432,2014,pop,257.386,62
1433,2014,hiphop,194.561,73
1433,2014,pop,194.561,73
1434,2014,hiphop,224.506,21
1434,2014,pop,224.506,21
1434,2014,dance/electronic,224.506,21
1435,2014,hiphop,216.013,0
1435,2014,pop,216.013,0
1436,2014,hiphop,245.866,76
1436,2014,pop,245.866,76
1437,2014,pop,206.166,78
1437,2014,latin,206.166,78
1438,2014,pop,189.72,62
1438,2014,dance/electronic,189.72,62
1439,2014,pop,183.75,0
1439,2014,dance/electronic,183.75,0
1440,2013,pop,193.058,76
1440,2013,dance/electronic,193.058,76
1441,2014,pop,193.733,77
1442,2013,pop,201.626,50
1442,2013,dance/electronic,201.626,50
1443,2014,hiphop,208.133,2
1443,2014,dance/electronic,208.133,2
1444,2014,pop,232.893,80
1444,2014,r&b,232.893,80
1444,2014,dance/electronic,232.893,80
1445,2014,pop,251.986,64
1445,2014,dance/electronic,251.986,64
1446,2014,pop,231.211,70
1446,2014,rock,231.211,70
1446,2014,dance/electronic,231.211,70
1447,2014,pop,214.84,0
1448,2014,hiphop,217.8,68
1448,2014,pop,217.8,68
1449,2014,pop,238.426,66
1449,2014,dance/electronic,238.426,66
1450,2014,hiphop,264.946,72
1450,2014,pop,264.946,72
1450,2014,r&b,264.946,72
1451,2014,pop,224.226,59
1452,2014,pop,224.293,0
1452,2014,dance/electronic,224.293,0
1453,2014,dance/electronic,228.0,48
1454,2014,set(),313.684,73
1455,2014,pop,219.84,72
1456,2014,pop,236.133,74
1457,2014,pop,243.386,66
1457,2014,latin,243.386,66
1458,2013,pop,255.093,2
1458,2013,dance/electronic,255.093,2
1459,2014,hiphop,199.386,77
1459,2014,pop,199.386,77
1460,2014,pop,285.596,67
1460,2014,dance/electronic,285.596,67
1461,2014,pop,198.88,61
1461,2014,dance/electronic,198.88,61
1462,2014,pop,231.0,61
1463,2012,hiphop,175.426,82
1463,2012,pop,175.426,82
1464,2013,pop,255.631,74
1464,2013,dance/electronic,255.631,74
1465,2014,pop,193.92,73
1466,2014,pop,169.866,49
1466,2014,dance/electronic,169.866,49
1467,2014,pop,228.133,79
1468,2013,pop,263.89,0
1468,2013,dance/electronic,263.89,0
1469,2014,pop,227.36,58
1470,2014,hiphop,203.466,65
1470,2014,pop,203.466,65
1470,2014,dance/electronic,203.466,65
1471,2014,pop,202.496,74
1472,2014,pop,245.466,74
1472,2014,rock,245.466,74
1473,2014,pop,219.2,79
1474,2014,pop,226.6,83
1475,2014,pop,235.382,69
1476,2014,pop,209.866,52
1476,2014,dance/electronic,209.866,52
1477,2014,pop,188.371,0
1477,2014,dance/electronic,188.371,0
1478,2014,pop,198.306,64
1479,2014,rock,267.866,80
1479,2014,pop,267.866,80
1480,2014,pop,227.833,72
1480,2014,dance/electronic,227.833,72
1481,2014,hiphop,217.346,63
1481,2014,pop,217.346,63
1481,2014,dance/electronic,217.346,63
1482,2014,pop,257.2,70
1483,2013,pop,245.493,81
1484,2014,pop,185.2,75
1485,2014,hiphop,226.58,55
1485,2014,pop,226.58,55
1485,2014,r&b,226.58,55
1486,2013,pop,237.626,71
1487,2014,set(),189.906,66
1488,2014,rock,204.28,80
1488,2014,pop,204.28,80
1489,2014,pop,323.48,70
1489,2014,r&b,323.48,70
1490,2014,pop,235.493,0
1491,2014,pop,213.213,63
1491,2014,dance/electronic,213.213,63
1492,2013,pop,300.84,71
1493,2014,hiphop,244.226,67
1493,2014,pop,244.226,67
1493,2014,r&b,244.226,67
1494,2014,pop,218.227,0
1494,2014,rock,218.227,0
1494,2014,dance/electronic,218.227,0
1495,2014,pop,185.64,0
1495,2014,dance/electronic,185.64,0
1496,2014,pop,192.67,62
1497,2013,hiphop,217.306,53
1497,2013,pop,217.306,53
1498,2014,hiphop,269.946,53
1498,2014,pop,269.946,53
1499,2014,pop,222.213,0
1500,2015,pop,269.666,82
1501,2014,pop,281.56,81
1502,2015,hiphop,229.525,81
1502,2015,pop,229.525,81
1503,2015,pop,205.68,77
1504,2015,hiphop,176.561,73
1504,2015,pop,176.561,73
1504,2015,dance/electronic,176.561,73
1505,2014,pop,252.226,76
1505,2014,r&b,252.226,76
1506,2015,pop,252.534,78
1506,2015,rock,252.534,78
1506,2015,dance/electronic,252.534,78
1507,2014,hiphop,227.266,78
1507,2014,pop,227.266,78
1507,2014,dance/electronic,227.266,78
1508,2014,hiphop,192.56,75
1508,2014,pop,192.56,75
1508,2014,dance/electronic,192.56,75
1509,2015,pop,214.746,0
1510,2014,pop,231.826,82
1511,2015,pop,242.253,84
1511,2015,r&b,242.253,84
1512,2015,rock,260.173,85
1512,2015,pop,260.173,85
1513,2015,pop,211.975,66
1513,2015,dance/electronic,211.975,66
1514,2014,pop,176.658,85
1514,2014,dance/electronic,176.658,85
1515,2014,hiphop,247.266,69
1515,2014,pop,247.266,69
1515,2014,dance/electronic,247.266,69
1516,2015,pop,208.33,46
1517,2015,hiphop,200.08,71
1517,2015,pop,200.08,71
1518,2015,pop,200.106,70
1519,2015,hiphop,190.185,49
1519,2015,pop,190.185,49
1520,2015,pop,219.043,76
1520,2015,dance/electronic,219.043,76
1521,2015,hiphop,212.64,76
1521,2015,pop,212.64,76
1521,2015,dance/electronic,212.64,76
1522,2014,pop,177.56,65
1522,2014,dance/electronic,177.56,65
1523,2015,hiphop,231.906,62
1523,2015,pop,231.906,62
1523,2015,r&b,231.906,62
1524,2015,rock,228.36,80
1525,2016,hiphop,177.184,76
1526,2014,pop,138.842,33
1526,2014,dance/electronic,138.842,33
1527,2015,rock,202.333,83
1528,2015,pop,224.573,73
1529,2015,rock,219.56,63
1529,2015,classical,219.56,63
1530,2014,pop,167.065,79
1531,2015,hiphop,166.138,49
1531,2015,pop,166.138,49
1531,2015,dance/electronic,166.138,49
1532,2015,pop,159.693,48
1532,2015,dance/electronic,159.693,48
1533,2015,pop,230.613,79
1533,2015,dance/electronic,230.613,79
1534,2018,hiphop,186.146,72
1534,2018,pop,186.146,72
1534,2018,dance/electronic,186.146,72
1535,2014,pop,220.44,78
1536,2015,pop,235.653,0
1536,2015,r&b,235.653,0
1537,2014,hiphop,229.36,80
1537,2014,pop,229.36,80
1537,2014,latin,229.36,80
1538,2015,pop,227.073,74
1538,2015,dance/electronic,227.073,74
1539,2015,hiphop,219.305,73
1539,2015,pop,219.305,73
1539,2015,r&b,219.305,73
1540,2015,pop,202.213,0
1540,2015,dance/electronic,202.213,0
1541,2015,pop,192.12,79
1542,2015,hiphop,262.693,73
1542,2015,dance/electronic,262.693,73
1543,2015,pop,215.36,0
1543,2015,dance/electronic,215.36,0
1544,2015,pop,205.745,64
1545,2017,pop,270.589,59
1546,2015,pop,229.08,69
1547,2015,pop,207.746,72
1547,2015,r&b,207.746,72
1548,2015,hiphop,192.19,76
1548,2015,pop,192.19,76
1549,2015,hiphop,185.131,0
1550,2015,hiphop,225.226,71
1550,2015,pop,225.226,71
1550,2015,r&b,225.226,71
1551,2016,rock,203.653,71
1551,2016,folk/acoustic,203.653,71
1551,2016,pop,203.653,71
1552,2015,hiphop,222.093,68
1552,2015,pop,222.093,68
1553,2014,pop,238.426,66
1553,2014,dance/electronic,238.426,66
1554,2014,pop,213.506,69
1554,2014,r&b,213.506,69
1555,2015,pop,257.573,67
1556,2017,pop,213.427,73
1556,2017,dance/electronic,213.427,73
1557,2015,hiphop,238.32,77
1557,2015,pop,238.32,77
1557,2015,r&b,238.32,77
1558,2016,hiphop,267.066,77
1558,2016,pop,267.066,77
1558,2016,r&b,267.066,77
1559,2015,pop,217.906,64
1560,2015,pop,280.757,68
1561,2015,hiphop,196.693,74
1561,2015,pop,196.693,74
1562,2014,pop,236.133,74
1563,2015,pop,213.52,79
1563,2015,r&b,213.52,79
1564,2015,pop,199.314,55
1564,2015,r&b,199.314,55
1565,2015,hiphop,195.2,75
1565,2015,rock,195.2,75
1565,2015,pop,195.2,75
1566,2015,pop,227.48,77
1567,2016,pop,223.186,74
1567,2016,dance/electronic,223.186,74
1568,2015,metal,216.32,83
1569,2015,pop,221.56,0
1570,2015,hiphop,213.053,55
1570,2015,pop,213.053,55
1571,2014,folk/acoustic,241.688,81
1571,2014,pop,241.688,81
1572,2014,pop,231.0,77
1573,2015,pop,199.453,0
1573,2015,r&b,199.453,0
1574,2015,pop,278.987,66
1575,2015,hiphop,193.333,47
1575,2015,pop,193.333,47
1575,2015,dance/electronic,193.333,47
1576,2015,hiphop,223.973,68
1576,2015,pop,223.973,68
1577,2015,hiphop,284.386,75
1577,2015,pop,284.386,75
1578,2016,pop,271.64,76
1578,2016,dance/electronic,271.64,76
1579,2015,hiphop,205.879,0
1579,2015,pop,205.879,0
1579,2015,r&b,205.879,0
1580,2015,dance/electronic,237.792,71
1581,2015,pop,206.88,78
1582,2015,hiphop,224.258,67
1582,2015,pop,224.258,67
1583,2014,pop,227.373,64
1584,2015,pop,250.285,74
1584,2015,dance/electronic,250.285,74
1585,2015,pop,213.445,0
1585,2015,rock,213.445,0
1585,2015,dance/electronic,213.445,0
1586,2015,hiphop,198.293,78
1586,2015,pop,198.293,78
1586,2015,r&b,198.293,78
1587,2015,hiphop,176.674,1
1587,2015,pop,176.674,1
1588,2015,r&b,210.58,71
1589,2015,hiphop,238.8,0
1589,2015,pop,238.8,0
1589,2015,dance/electronic,238.8,0
1590,2015,pop,212.424,67
1590,2015,dance/electronic,212.424,67
1591,2015,rock,218.173,0
1591,2015,pop,218.173,0
1592,2018,pop,229.813,66
1592,2018,dance/electronic,229.813,66
1593,2015,pop,200.786,80
1594,2014,pop,197.266,79
1595,2015,pop,211.773,1
1596,2015,pop,230.333,77
1597,2015,pop,255.506,55
1597,2015,dance/electronic,255.506,55
1598,2015,pop,182.666,70
1599,2017,latin,206.666,51
1600,2016,pop,230.453,0
1600,2016,r&b,230.453,0
1601,2016,hiphop,173.986,84
1601,2016,pop,173.986,84
1601,2016,r&b,173.986,84
1602,2015,pop,233.72,0
1603,2016,pop,244.96,83
1603,2016,dance/electronic,244.96,83
1604,2015,pop,295.502,1
1604,2015,r&b,295.502,1
1605,2016,hiphop,246.761,70
1605,2016,pop,246.761,70
1606,2016,dance/electronic,241.874,72
1607,2016,pop,224.813,67
1608,2016,pop,169.773,70
1609,2016,hiphop,219.32,75
1609,2016,pop,219.32,75
1609,2016,r&b,219.32,75
1610,2015,rock,258.266,82
1610,2015,pop,258.266,82
1611,2015,pop,200.786,80
1612,2016,pop,236.001,76
1613,2015,pop,196.52,86
1613,2015,r&b,196.52,86
1613,2015,dance/electronic,196.52,86
1614,2016,hiphop,239.853,67
1614,2016,pop,239.853,67
1615,2015,hiphop,251.466,77
1615,2015,pop,251.466,77
1616,2016,hiphop,207.272,68
1616,2016,pop,207.272,68
1616,2016,dance/electronic,207.272,68
1617,2016,rock,208.728,0
1617,2016,pop,208.728,0
1617,2016,dance/electronic,208.728,0
1618,2016,hiphop,243.49,75
1618,2016,pop,243.49,75
1619,2016,rock,195.92,80
1620,2016,hiphop,313.546,74
1620,2016,pop,313.546,74
1621,2016,pop,189.126,67
1621,2016,dance/electronic,189.126,67
1622,2016,pop,208.373,79
1622,2016,dance/electronic,208.373,79
1623,2016,hiphop,196.0,62
1623,2016,pop,196.0,62
1623,2016,dance/electronic,196.0,62
1624,2016,pop,192.846,51
1624,2016,dance/electronic,192.846,51
1625,2016,hiphop,217.603,70
1625,2016,pop,217.603,70
1626,2016,pop,228.361,0
1626,2016,dance/electronic,228.361,0
1627,2017,pop,213.506,69
1628,2017,pop,187.957,65
1629,2016,pop,195.706,76
1629,2016,dance/electronic,195.706,76
1630,2018,dance/electronic,212.106,78
1631,2016,pop,197.815,0
1631,2016,dance/electronic,197.815,0
1632,2016,hiphop,205.946,81
1632,2016,pop,205.946,81
1632,2016,dance/electronic,205.946,81
1633,2016,hiphop,222.16,79
1633,2016,pop,222.16,79
1633,2016,dance/electronic,222.16,79
1634,2016,hiphop,197.933,77
1634,2016,pop,197.933,77
1634,2016,dance/electronic,197.933,77
1635,2016,hiphop,240.0,69
1635,2016,pop,240.0,69
1636,2016,hiphop,191.6,80
1636,2016,pop,191.6,80
1636,2016,r&b,191.6,80
1637,2016,pop,226.16,0
1638,2016,pop,273.802,71
1638,2016,dance/electronic,273.802,71
1639,2015,pop,223.853,73
1640,2015,pop,229.08,69
1641,2016,hiphop,219.159,74
1641,2016,pop,219.159,74
1641,2016,dance/electronic,219.159,74
1642,2016,pop,193.253,64
1642,2016,rock,193.253,64
1643,2015,rock,214.506,80
1644,2015,hiphop,192.19,76
1644,2015,pop,192.19,76
1645,2016,pop,235.946,0
1646,2016,pop,205.593,57
1646,2016,dance/electronic,205.593,57
1647,2016,pop,217.706,79
1648,2016,pop,209.425,0
1648,2016,dance/electronic,209.425,0
1649,2016,pop,199.693,68
1649,2016,latin,199.693,68
1650,2015,dance/electronic,213.427,45
1651,2016,pop,183.414,70
1651,2016,dance/electronic,183.414,70
1652,2016,hiphop,267.066,0
1652,2016,pop,267.066,0
1652,2016,r&b,267.066,0
1653,2016,pop,244.453,3
1654,2017,pop,187.973,82
1655,2016,hiphop,237.786,73
1655,2016,pop,237.786,73
1655,2016,r&b,237.786,73
1656,2015,rock,263.786,76
1656,2015,pop,263.786,76
1657,2016,pop,195.561,0
1657,2016,dance/electronic,195.561,0
1658,2016,pop,201.493,69
1658,2016,r&b,201.493,69
1659,2015,hiphop,195.2,75
1659,2015,rock,195.2,75
1659,2015,pop,195.2,75
1660,2016,pop,219.146,79
1661,2016,dance/electronic,216.613,55
1662,2016,hiphop,255.889,51
1662,2016,pop,255.889,51
1662,2016,dance/electronic,255.889,51
1663,2015,rock,225.882,55
1663,2015,pop,225.882,55
1663,2015,dance/electronic,225.882,55
1664,2016,pop,222.813,0
1664,2016,dance/electronic,222.813,0
1665,2016,pop,214.48,75
1666,2016,hiphop,212.946,63
1666,2016,pop,212.946,63
1666,2016,r&b,212.946,63
1667,2016,pop,203.686,59
1667,2016,dance/electronic,203.686,59
1668,2016,pop,199.453,66
1668,2016,r&b,199.453,66
1669,2016,hiphop,220.573,0
1669,2016,pop,220.573,0
1669,2016,dance/electronic,220.573,0
1670,2015,pop,202.149,46
1670,2015,dance/electronic,202.149,46
1671,2015,hiphop,205.879,72
1671,2015,pop,205.879,72
1671,2015,r&b,205.879,72
1672,2016,pop,199.133,62
1673,2016,pop,234.213,69
1674,2016,pop,196.613,0
1674,2016,dance/electronic,196.613,0
1675,2016,hiphop,185.351,0
1675,2016,pop,185.351,0
1675,2016,dance/electronic,185.351,0
1676,2015,pop,226.738,73
1676,2015,dance/electronic,226.738,73
1677,2016,hiphop,228.64,0
1677,2016,pop,228.64,0
1677,2016,r&b,228.64,0
1678,2016,pop,215.413,68
1679,2015,hiphop,198.293,78
1679,2015,pop,198.293,78
1679,2015,r&b,198.293,78
1680,2016,hiphop,198.774,63
1680,2016,pop,198.774,63
1680,2016,dance/electronic,198.774,63
1681,2016,pop,225.914,60
1681,2016,dance/electronic,225.914,60
1682,2015,pop,212.424,1
1682,2015,dance/electronic,212.424,1
1683,2016,dance/electronic,233.337,0
1684,2016,pop,206.493,65
1684,2016,rock,206.493,65
1685,2016,pop,210.226,68
1686,2016,hiphop,202.661,62
1686,2016,pop,202.661,62
1686,2016,r&b,202.661,62
1687,2016,hiphop,251.033,77
1687,2016,pop,251.033,77
1688,2016,hiphop,239.28,63
1688,2016,pop,239.28,63
1689,2016,pop,210.573,62
1690,2016,rock,202.221,1
1690,2016,pop,202.221,1
1690,2016,dance/electronic,202.221,1
1691,2016,hiphop,198.236,63
1692,2016,dance/electronic,262.521,53
1693,2015,hiphop,194.613,76
1693,2015,pop,194.613,76
1693,2015,r&b,194.613,76
1694,2016,pop,235.826,66
1694,2016,dance/electronic,235.826,66
1695,2016,pop,232.56,67
1695,2016,r&b,232.56,67
1696,2017,pop,246.24,1
1697,2016,pop,160.097,0
1697,2016,folk/acoustic,160.097,0
1698,2016,hiphop,184.516,79
1698,2016,pop,184.516,79
1698,2016,r&b,184.516,79
1699,2016,hiphop,263.373,74
1699,2016,pop,263.373,74
1699,2016,r&b,263.373,74
1700,2017,pop,233.712,84
1701,2018,hiphop,221.176,84
1701,2018,pop,221.176,84
1702,2017,pop,228.2,0
1702,2017,latin,228.2,0
1703,2017,pop,201.0,79
1704,2016,pop,251.088,75
1704,2016,dance/electronic,251.088,75
1705,2017,pop,216.896,1
1706,2017,rock,187.146,1
1707,2018,pop,214.265,68
1708,2017,pop,247.16,83
1708,2017,dance/electronic,247.16,83
1709,2017,pop,263.4,85
1710,2018,rock,299.96,81
1711,2016,hiphop,243.836,83
1711,2016,dance/electronic,243.836,83
1712,2017,pop,180.933,84
1712,2017,dance/electronic,180.933,84
1713,2017,hiphop,204.6,79
1713,2017,pop,204.6,79
1714,2017,hiphop,268.866,0
1714,2017,pop,268.866,0
1715,2017,pop,234.308,0
1716,2016,hiphop,208.12,75
1716,2016,pop,208.12,75
1717,2017,hiphop,231.546,77
1718,2017,hiphop,173.6,74
1718,2017,pop,173.6,74
1719,2017,hiphop,233.901,82
1719,2017,pop,233.901,82
1720,2017,hiphop,220.306,74
1721,2017,pop,203.0,0
1721,2017,dance/electronic,203.0,0
1722,2017,pop,239.0,77
1722,2017,dance/electronic,239.0,77
1723,2017,latin,189.029,53
1724,2016,hiphop,213.946,1
1724,2016,pop,213.946,1
1724,2016,dance/electronic,213.946,1
1725,2016,hiphop,291.893,75
1725,2016,pop,291.893,75
1726,2017,pop,224.03,67
1726,2017,dance/electronic,224.03,67
1727,2017,hiphop,190.677,0
1727,2017,dance/electronic,190.677,0
1728,2017,hiphop,238.586,69
1728,2017,pop,238.586,69
1729,2017,hiphop,182.706,81
1730,2017,rock,201.24,80
1731,2016,hiphop,177.184,76
1732,2017,hiphop,216.408,75
1732,2017,pop,216.408,75
1733,2017,hiphop,245.386,0
1733,2017,pop,245.386,0
1734,2017,hiphop,181.812,77
1735,2017,pop,198.853,80
1735,2017,folk/acoustic,198.853,80
1736,2017,hiphop,207.629,58
1736,2017,pop,207.629,58
1736,2017,dance/electronic,207.629,58
1737,2017,rock,204.346,1
1738,2017,pop,232.549,74
1738,2017,latin,232.549,74
1739,2017,hiphop,177.0,0
1740,2017,pop,186.112,69
1741,2017,pop,211.475,0
1742,2017,pop,186.026,62
1742,2017,dance/electronic,186.026,62
1743,2017,pop,200.104,57
1743,2017,dance/electronic,200.104,57
1744,2017,r&b,200.186,76
1745,2017,hiphop,212.027,4
1745,2017,pop,212.027,4
1745,2017,dance/electronic,212.027,4
1746,2017,hiphop,124.055,64
1747,2017,pop,211.853,76
1748,2017,pop,207.68,70
1748,2017,latin,207.68,70
1749,2017,hiphop,268.186,51
1750,2017,hiphop,185.946,0
1751,2017,hiphop,209.269,0
1752,2017,hiphop,119.133,83
1753,2017,hiphop,343.15,72
1753,2017,pop,343.15,72
1754,2017,hiphop,276.333,67
1754,2017,pop,276.333,67
1755,2017,pop,220.883,77
1755,2017,dance/electronic,220.883,77
1756,2017,pop,181.614,51
1756,2017,dance/electronic,181.614,51
1757,2016,pop,174.933,0
1757,2016,dance/electronic,174.933,0
1758,2017,pop,208.186,73
1759,2017,hiphop,194.896,67
1759,2017,pop,194.896,67
1759,2017,dance/electronic,194.896,67
1760,2017,hiphop,304.041,68
1760,2017,pop,304.041,68
1761,2017,pop,199.44,0
1762,2017,hiphop,225.52,63
1762,2017,pop,225.52,63
1763,2017,pop,197.64,73
1764,2017,pop,212.0,61
1765,2017,hiphop,223.962,59
1765,2017,pop,223.962,59
1766,2017,r&b,239.626,67
1767,2017,pop,226.72,57
1767,2017,dance/electronic,226.72,57
1768,2017,hiphop,204.173,72
1768,2017,pop,204.173,72
1769,2016,hiphop,220.293,81
1770,2017,pop,181.672,77
1770,2017,dance/electronic,181.672,77
1771,2017,pop,214.866,0
1771,2017,dance/electronic,214.866,0
1772,2017,pop,237.733,69
1773,2016,set(),144.244,57
1774,2017,hiphop,223.413,79
1774,2017,pop,223.413,79
1774,2017,dance/electronic,223.413,79
1775,2017,hiphop,242.407,64
1775,2017,pop,242.407,64
1776,2017,pop,201.256,64
1777,2017,rock,193.613,61
1777,2017,pop,193.613,61
1778,2017,hiphop,220.454,74
1778,2017,pop,220.454,74
1779,2019,pop,217.296,47
1779,2019,dance/electronic,217.296,47
1780,2017,pop,204.502,1
1781,2017,hiphop,298.94,0
1781,2017,pop,298.94,0
1781,2017,r&b,298.94,0
1782,2017,pop,189.466,0
1783,2016,pop,245.2,0
1783,2016,dance/electronic,245.2,0
1784,2016,pop,230.226,76
1784,2016,r&b,230.226,76
1785,2017,hiphop,210.2,71
1785,2017,pop,210.2,71
1786,2016,pop,222.04,48
1786,2016,dance/electronic,222.04,48
1787,2017,rock,201.16,0
1788,2017,pop,264.011,0
1789,2017,pop,188.786,0
1789,2017,latin,188.786,0
1790,2017,pop,174.6,61
1791,2016,pop,269.186,78
1791,2016,r&b,269.186,78
1792,2017,pop,221.506,73
1792,2017,dance/electronic,221.506,73
1793,2017,hiphop,222.36,71
1793,2017,pop,222.36,71
1794,2017,pop,208.733,0
1795,2017,pop,181.812,53
1795,2017,dance/electronic,181.812,53
1796,2017,pop,223.503,68
1796,2017,dance/electronic,223.503,68
1797,2016,pop,225.983,78
1798,2017,pop,214.254,8
1798,2017,dance/electronic,214.254,8
1799,2017,pop,220.78,75
1799,2017,dance/electronic,220.78,75
1800,2018,hiphop,198.973,81
1800,2018,pop,198.973,81
1800,2018,r&b,198.973,81
1801,2018,hiphop,218.146,83
1802,2017,hiphop,172.8,80
1802,2017,pop,172.8,80
1803,2017,hiphop,268.866,75
1803,2017,pop,268.866,75
1804,2018,pop,184.56,78
1804,2018,dance/electronic,184.56,78
1805,2018,hiphop,239.835,84
1806,2018,hiphop,184.732,80
1806,2018,pop,184.732,80
1806,2018,dance/electronic,184.732,80
1807,2018,pop,202.62,78
1807,2018,dance/electronic,202.62,78
1808,2018,hiphop,253.39,79
1808,2018,pop,253.39,79
1809,2018,hiphop,135.09,82
1810,2018,pop,205.92,77
1811,2018,hiphop,183.906,77
1812,2018,hiphop,214.846,81
1812,2018,pop,214.846,81
1812,2018,dance/electronic,214.846,81
1813,2018,hiphop,232.959,73
1813,2018,pop,232.959,73
1814,2018,hiphop,312.82,81
1814,2018,dance/electronic,312.82,81
1815,2018,rock,189.466,80
1816,2018,hiphop,212.5,76
1816,2018,pop,212.5,76
1816,2018,dance/electronic,212.5,76
1817,2018,pop,177.6,71
1817,2018,dance/electronic,177.6,71
1818,2018,pop,211.44,69
1818,2018,r&b,211.44,69
1819,2018,pop,200.185,86
1819,2018,dance/electronic,200.185,86
1820,2018,hiphop,276.147,75
1820,2018,pop,276.147,75
1821,2018,pop,222.653,71
1821,2018,dance/electronic,222.653,71
1822,2018,hiphop,238.614,77
1822,2018,pop,238.614,77
1822,2018,r&b,238.614,77
1823,2018,hiphop,179.404,42
1824,2018,pop,228.373,80
1824,2018,r&b,228.373,80
1825,2018,latin,417.92,76
1826,2018,hiphop,303.076,72
1826,2018,pop,303.076,72
1827,2019,latin,172.854,74
1828,2018,hiphop,166.605,82
1829,2018,pop,188.56,69
1829,2018,latin,188.56,69
1830,2017,hiphop,202.804,71
1830,2017,pop,202.804,71
1831,2018,hiphop,157.643,63
1832,2017,hiphop,207.629,58
1832,2017,pop,207.629,58
1832,2017,dance/electronic,207.629,58
1833,2018,pop,193.2,69
1833,2018,dance/electronic,193.2,69
1834,2018,hiphop,229.67,71
1834,2018,pop,229.67,71
1835,2018,hiphop,175.229,72
1835,2018,pop,175.229,72
1836,2018,hiphop,232.186,80
1837,2018,hiphop,204.746,69
1837,2018,pop,204.746,69
1838,2017,hiphop,187.521,64
1838,2017,pop,187.521,64
1839,2018,pop,197.546,78
1840,2018,hiphop,332.3,66
1840,2018,pop,332.3,66
1841,2018,set(),170.825,67
1842,2017,pop,156.6,74
1843,2018,pop,184.153,82
1843,2018,rock,184.153,82
1843,2018,dance/electronic,184.153,82
1844,2017,pop,197.993,78
1845,2018,pop,215.759,72
1845,2018,dance/electronic,215.759,72
1846,2017,rock,185.863,70
1846,2017,pop,185.863,70
1847,2018,pop,201.526,65
1847,2018,latin,201.526,65
1848,2017,pop,180.822,80
1848,2017,dance/electronic,180.822,80
1849,2018,pop,203.417,69
1850,2017,pop,163.216,0
1850,2017,dance/electronic,163.216,0
1851,2018,pop,245.453,62
1852,2017,hiphop,212.12,79
1852,2017,pop,212.12,79
1853,2018,hiphop,121.886,79
1854,2018,latin,184.72,69
1855,2018,hiphop,223.712,72
1855,2018,pop,223.712,72
1856,2018,hiphop,142.273,79
1857,2018,pop,194.407,70
1857,2018,dance/electronic,194.407,70
1858,2018,hiphop,194.68,59
1858,2018,pop,194.68,59
1858,2018,dance/electronic,194.68,59
1859,2018,latin,176.133,72
1860,2018,pop,200.853,72
1861,2018,hiphop,231.266,80
1862,2018,hiphop,181.263,73
1862,2018,pop,181.263,73
1863,2017,hiphop,221.013,72
1864,2018,pop,214.289,82
1864,2018,dance/electronic,214.289,82
1865,2018,pop,196.373,79
1866,2018,pop,180.493,67
1867,2018,hiphop,190.288,72
1867,2018,pop,190.288,72
1868,2018,hiphop,237.24,68
1868,2018,pop,237.24,68
1869,2018,hiphop,217.925,75
1869,2018,pop,217.925,75
1869,2018,r&b,217.925,75
1870,2018,hiphop,173.153,60
1870,2018,dance/electronic,173.153,60
1871,2018,pop,186.08,64
1872,2018,pop,221.653,1
1872,2018,latin,221.653,1
1873,2018,hiphop,173.799,75
1873,2018,pop,173.799,75
1874,2017,pop,173.72,62
1874,2017,latin,173.72,62
1875,2017,pop,196.489,65
1875,2017,dance/electronic,196.489,65
1876,2017,hiphop,215.064,63
1876,2017,pop,215.064,63
1876,2017,dance/electronic,215.064,63
1877,2018,dance/electronic,190.92,56
1878,2018,hiphop,213.993,72
1878,2018,pop,213.993,72
1878,2018,r&b,213.993,72
1879,2018,latin,200.48,71
1880,2018,hiphop,260.0,67
1880,2018,pop,260.0,67
1881,2018,pop,186.986,80
1881,2018,dance/electronic,186.986,80
1882,2018,rock,190.348,71
1882,2018,pop,190.348,71
1882,2018,dance/electronic,190.348,71
1883,2017,easylistening,302.146,72
1884,2017,pop,181.279,72
1884,2017,dance/electronic,181.279,72
1885,2018,hiphop,214.466,68
1885,2018,pop,214.466,68
1885,2018,r&b,214.466,68
1886,2018,pop,226.973,74
1887,2018,pop,214.253,54
1887,2018,dance/electronic,214.253,54
1888,2017,pop,217.946,78
1889,2018,pop,186.231,56
1889,2018,rock,186.231,56
1890,2018,pop,131.064,75
1890,2018,dance/electronic,131.064,75
1891,2018,hiphop,216.631,70
1891,2018,pop,216.631,70
1892,2018,pop,197.436,81
1892,2018,dance/electronic,197.436,81
1893,2018,pop,197.946,73
1893,2018,dance/electronic,197.946,73
1894,2018,pop,235.545,73
1895,2018,pop,201.707,73
1895,2018,r&b,201.707,73
1896,2018,hiphop,210.746,77
1896,2018,pop,210.746,77
1896,2018,r&b,210.746,77
1897,2017,hiphop,213.4,80
1898,2018,hiphop,221.44,77
1899,2019,hiphop,157.066,79
1899,2019,pop,157.066,79
1900,2019,pop,194.087,83
1900,2019,dance/electronic,194.087,83
1901,2019,pop,190.799,78
1902,2019,pop,178.626,83
1903,2019,hiphop,157.56,79
1904,2019,dance/electronic,202.093,84
1905,2018,pop,201.66,77
1905,2018,dance/electronic,201.66,77
1906,2019,pop,157.605,81
1906,2019,dance/electronic,157.605,81
1907,2018,pop,215.733,82
1908,2018,pop,217.466,79
1909,2019,pop,182.16,84
1910,2019,hiphop,169.303,60
1910,2019,pop,169.303,60
1910,2019,dance/electronic,169.303,60
1911,2019,hiphop,192.47,75
1911,2019,pop,192.47,75
1912,2019,hiphop,176.631,0
1913,2018,hiphop,228.759,77
1914,2019,latin,193.226,79
1915,2018,rock,169.353,82
1915,2018,pop,169.353,82
1915,2018,dance/electronic,169.353,82
1916,2019,pop,189.052,1
1917,2019,hiphop,205.803,68
1917,2019,pop,205.803,68
1918,2019,pop,152.913,75
1918,2019,dance/electronic,152.913,75
1919,2019,pop,161.746,63
1920,2018,hiphop,312.82,81
1920,2018,dance/electronic,312.82,81
1921,2019,pop,169.813,0
1921,2019,dance/electronic,169.813,0
1922,2019,pop,202.192,80
1923,2019,hiphop,212.5,70
1923,2019,pop,212.5,70
1923,2019,dance/electronic,212.5,70
1924,2018,hiphop,179.449,73
1925,2019,hiphop,126.446,71
1925,2019,pop,126.446,71
1925,2019,r&b,126.446,71
1926,2019,hiphop,131.24,78
1927,2019,pop,252.906,69
1928,2018,pop,200.185,86
1928,2018,dance/electronic,200.185,86
1929,2019,pop,178.48,77
1929,2019,dance/electronic,178.48,77
1930,2019,hiphop,113.0,76
1930,2019,pop,113.0,76
1931,2018,hiphop,180.522,78
1931,2018,pop,180.522,78
1932,2019,hiphop,149.546,79
1933,2019,pop,202.333,57
1934,2018,hiphop,189.486,75
1935,2019,hiphop,131.213,72
1935,2019,pop,131.213,72
1936,2019,hiphop,256.971,72
1936,2019,latin,256.971,72
1936,2019,dance/electronic,256.971,72
1937,2019,hiphop,205.426,76
1937,2019,pop,205.426,76
1937,2019,r&b,205.426,76
1938,2019,hiphop,114.893,71
1938,2019,pop,114.893,71
1939,2018,latin,210.367,77
1940,2019,hiphop,166.56,78
1941,2019,hiphop,240.05,53
1942,2018,hiphop,288.624,78
1943,2019,hiphop,200.106,69
1943,2019,pop,200.106,69
1944,2019,latin,301.714,76
1945,2019,pop,207.038,65
1946,2019,hiphop,195.637,69
1946,2019,pop,195.637,69
1947,2018,hiphop,183.527,73
1947,2018,pop,183.527,73
1948,2019,pop,190.44,76
1949,2019,hiphop,241.293,78
1950,2018,pop,187.436,7
1951,2019,pop,183.29,79
1952,2019,hiphop,214.203,61
1953,2019,hiphop,229.184,73
1953,2019,pop,229.184,73
1953,2019,dance/electronic,229.184,73
1954,2019,pop,189.733,66
1955,2019,hiphop,200.889,73
1955,2019,pop,200.889,73
1956,2019,hiphop,196.266,64
1956,2019,dance/electronic,196.266,64
1957,2019,pop,209.438,78
1958,2019,pop,186.106,77
1959,2019,latin,250.533,81
1960,2019,pop,183.026,4
1961,2018,pop,238.2,74
1961,2018,latin,238.2,74
1962,2019,hiphop,213.593,80
1963,2019,pop,266.086,70
1963,2019,latin,266.086,70
1964,2018,pop,229.412,70
1964,2018,r&b,229.412,70
1965,2018,hiphop,129.264,1
1966,2019,hiphop,163.32,72
1967,2019,hiphop,190.537,69
1967,2019,dance/electronic,190.537,69
1968,2019,pop,193.143,75
1968,2019,dance/electronic,193.143,75
1969,2019,pop,229.773,35
1970,2019,hiphop,177.185,64
1970,2019,dance/electronic,177.185,64
1971,2019,pop,183.0,71
1972,2019,pop,157.492,1
1973,2019,pop,157.202,71
1973,2019,dance/electronic,157.202,71
1974,2019,hiphop,154.447,80
1975,2019,set(),154.447,57
1976,2018,rock,177.666,78
1976,2018,pop,177.666,78
1977,2019,pop,205.653,64
1977,2019,dance/electronic,205.653,64
1978,2019,hiphop,199.427,69
1978,2019,pop,199.427,69
1978,2019,r&b,199.427,69
1979,2019,latin,258.8,75
1980,2019,pop,174.444,69
1980,2019,dance/electronic,174.444,69
1981,2019,hiphop,201.787,74
1981,2019,pop,201.787,74
1981,2019,r&b,201.787,74
1982,2019,latin,225.933,71
1983,2018,hiphop,231.266,80
1984,2019,pop,206.186,64
1985,2019,pop,162.582,2
1985,2019,dance/electronic,162.582,2
1986,2019,hiphop,136.568,69
1986,2019,pop,136.568,69
1987,2018,rock,190.946,80
1988,2019,pop,181.823,73
1988,2019,dance/electronic,181.823,73
1989,2019,pop,202.204,73
1990,2020,world/traditional,240.081,57
1990,2020,hiphop,240.081,57
1991,2019,pop,193.837,71
1991,2019,r&b,193.837,71
1992,2019,pop,188.64,63
1992,2019,dance/electronic,188.64,63
1993,2019,hiphop,174.96,1
1994,2019,pop,181.026,79
1995,2019,pop,178.426,78
1996,2019,hiphop,200.593,69
1996,2019,country,200.593,69
1997,2019,pop,171.029,75
1998,2019,hiphop,215.28,85
