,year,genre
0,2000,pop
1,1999,rock
1,1999,pop
2,1999,pop
2,1999,country
3,2000,rock
3,2000,metal
4,2000,pop
5,1999,hiphop
5,1999,pop
5,1999,r&b
6,2000,hiphop
7,2000,pop
7,2000,rock
8,1999,pop
8,1999,r&b
9,2001,dance/electronic
10,2011,pop
11,1999,pop
12,2000,pop
13,1999,rock
13,1999,pop
14,1999,pop
14,1999,dance/electronic
15,2002,hiphop
15,2002,pop
15,2002,r&b
16,1999,pop
17,2000,pop
18,1999,pop
19,1999,hiphop
20,2000,rock
20,2000,metal
21,1999,rock
21,1999,folk/acoustic
21,1999,easylistening
22,2000,pop
23,2000,hiphop
24,1999,pop
24,1999,dance/electronic
25,2000,metal
26,2001,pop
26,2001,dance/electronic
27,2000,hiphop
27,2000,pop
27,2000,r&b
28,2000,pop
28,2000,dance/electronic
29,2016,dance/electronic
30,1999,hiphop
30,1999,pop
31,2000,pop
31,2000,r&b
32,2000,pop
33,2000,r&b
34,1999,pop
35,1999,hiphop
35,1999,pop
35,1999,r&b
36,2000,pop
36,2000,dance/electronic
37,1999,hiphop
38,2001,pop
38,2001,country
39,2000,pop
39,2000,r&b
40,1999,pop
40,1999,latin
41,2000,pop
41,2000,r&b
42,2000,hiphop
42,2000,pop
42,2000,r&b
43,1999,hiphop
44,1998,hiphop
44,1998,pop
44,1998,r&b
45,1999,pop
46,2018,pop
47,2000,pop
47,2000,r&b
48,2000,r&b
49,2004,hiphop
49,2004,pop
49,2004,r&b
50,2001,pop
50,2001,r&b
51,2000,pop
51,2000,latin
52,2000,hiphop
52,2000,pop
52,2000,r&b
53,1999,hiphop
53,1999,pop
53,1999,r&b
54,2000,hiphop
55,1999,pop
55,1999,r&b
56,2000,r&b
57,1999,pop
57,1999,r&b
58,2001,pop
58,2001,country
59,2000,folk/acoustic
59,2000,rock
60,2010,pop
60,2010,easylistening
60,2010,dance/electronic
61,2000,pop
62,2011,pop
62,2011,r&b
63,2000,hiphop
63,2000,pop
63,2000,r&b
64,1999,pop
65,2000,pop
66,1999,rock
67,2000,hiphop
67,2000,pop
67,2000,r&b
68,2000,hiphop
68,2000,pop
68,2000,r&b
69,1999,rock
69,1999,blues
69,1999,latin
70,2000,pop
70,2000,r&b
71,2000,pop
72,2000,pop
73,2000,pop
73,2000,rock
74,1999,dance/electronic
75,1999,pop
75,1999,r&b
76,1999,pop
77,2000,pop
77,2000,rock
77,2000,metal
78,2000,pop
78,2000,r&b
79,2000,hiphop
79,2000,pop
80,2000,rock
80,2000,pop
80,2000,metal
81,1999,pop
81,1999,r&b
82,1999,pop
83,2000,pop
84,2000,pop
85,2001,pop
85,2001,r&b
86,2000,pop
87,2000,hiphop
87,2000,r&b
88,1999,pop
88,1999,latin
89,2000,pop
89,2000,rock
90,2001,pop
90,2001,r&b
91,2000,pop
92,1999,pop
92,1999,rock
92,1999,metal
93,2000,pop
93,2000,folk/acoustic
94,2000,pop
94,2000,r&b
95,1999,set()
96,1999,pop
97,1999,pop
97,1999,rock
97,1999,metal
98,2000,pop
99,2000,hiphop
99,2000,pop
99,2000,r&b
100,2000,hiphop
100,2000,pop
101,2001,pop
101,2001,r&b
102,2000,hiphop
103,2001,pop
103,2001,dance/electronic
104,2001,pop
105,2000,hiphop
105,2000,pop
105,2000,latin
106,2001,pop
106,2001,latin
107,2001,rock
107,2001,pop
108,2001,pop
109,2001,pop
110,2001,pop
110,2001,r&b
111,2001,pop
112,2001,pop
112,2001,dance/electronic
113,2001,hiphop
113,2001,pop
113,2001,r&b
114,2001,pop
114,2001,r&b
115,2015,pop
115,2015,dance/electronic
116,2000,metal
117,2001,pop
118,2006,dance/electronic
119,2001,pop
120,2001,hiphop
120,2001,pop
120,2001,r&b
121,2001,pop
122,2001,pop
122,2001,r&b
123,1999,rock
123,1999,metal
124,2001,pop
124,2001,r&b
125,2001,hiphop
125,2001,pop
125,2001,r&b
126,2001,hiphop
126,2001,pop
126,2001,r&b
127,2002,hiphop
127,2002,pop
127,2002,r&b
128,2001,rock
128,2001,metal
129,2001,hiphop
129,2001,dance/electronic
130,2000,hiphop
130,2000,pop
131,2001,pop
131,2001,dance/electronic
132,2001,pop
132,2001,r&b
133,1999,pop
134,2000,pop
134,2000,r&b
135,2001,rock
135,2001,metal
136,2001,hiphop
136,2001,pop
136,2001,r&b
137,2001,hiphop
137,2001,pop
137,2001,r&b
138,2008,pop
138,2008,latin
139,2001,hiphop
139,2001,pop
139,2001,r&b
140,2000,dance/electronic
141,2001,hiphop
142,2001,hiphop
143,2000,pop
143,2000,r&b
144,2001,pop
144,2001,r&b
145,2001,hiphop
145,2001,pop
145,2001,r&b
146,2001,pop
147,2001,hiphop
147,2001,pop
147,2001,r&b
148,2001,hiphop
148,2001,pop
148,2001,r&b
149,2001,pop
150,2001,dance/electronic
151,2001,rock
151,2001,metal
152,2001,hiphop
152,2001,pop
153,2001,hiphop
153,2001,pop
153,2001,rock
154,2016,hiphop
154,2016,pop
154,2016,r&b
155,2000,pop
156,2001,pop
157,2001,pop
158,2001,hiphop
158,2001,pop
158,2001,r&b
159,2001,hiphop
160,2001,pop
161,2000,hiphop
161,2000,pop
161,2000,r&b
162,2000,hiphop
162,2000,pop
162,2000,latin
163,2001,dance/electronic
164,2004,pop
164,2004,dance/electronic
165,2000,hiphop
165,2000,pop
165,2000,r&b
166,2001,pop
167,2000,world/traditional
167,2000,folk/acoustic
168,2001,pop
168,2001,country
169,2000,pop
169,2000,rock
170,2001,pop
170,2001,r&b
171,2000,pop
171,2000,dance/electronic
172,2001,pop
172,2001,r&b
173,2000,rock
173,2000,pop
174,2002,pop
175,2018,dance/electronic
176,2001,pop
176,2001,r&b
177,2001,pop
178,2001,hiphop
178,2001,pop
178,2001,r&b
179,2001,pop
179,2001,r&b
180,2001,dance/electronic
181,2001,hiphop
181,2001,pop
181,2001,r&b
182,2000,pop
182,2000,r&b
183,2001,dance/electronic
184,2001,pop
184,2001,rock
185,2001,pop
185,2001,dance/electronic
186,2000,hiphop
186,2000,pop
187,2001,pop
187,2001,r&b
188,2000,hiphop
188,2000,pop
188,2000,r&b
189,2001,hiphop
189,2001,pop
190,2001,rock
190,2001,pop
191,2001,hiphop
192,2001,pop
192,2001,r&b
193,2000,rock
194,2019,pop
194,2019,r&b
195,2001,rock
195,2001,metal
196,2000,pop
196,2000,r&b
197,2001,hiphop
197,2001,pop
197,2001,r&b
198,2001,pop
199,2000,pop
199,2000,rock
199,2000,metal
200,2002,hiphop
200,2002,pop
200,2002,r&b
201,2002,hiphop
202,2002,pop
203,2002,folk/acoustic
203,2002,pop
204,2001,pop
205,2001,pop
205,2001,latin
206,2001,rock
206,2001,pop
207,2002,pop
207,2002,r&b
208,2002,hiphop
208,2002,pop
209,2002,hiphop
210,2004,hiphop
210,2004,pop
211,2001,hiphop
211,2001,pop
211,2001,r&b
212,2003,pop
213,2002,hiphop
213,2002,pop
213,2002,r&b
214,2019,pop
215,2000,rock
215,2000,metal
216,2002,set()
217,2019,hiphop
217,2019,pop
217,2019,r&b
218,2002,pop
218,2002,dance/electronic
219,2002,pop
219,2002,r&b
220,2003,rock
220,2003,metal
221,2002,hiphop
221,2002,pop
221,2002,r&b
222,2003,metal
223,2001,pop
224,2013,pop
224,2013,dance/electronic
225,2001,hiphop
225,2001,pop
225,2001,r&b
226,2002,hiphop
226,2002,pop
226,2002,r&b
227,2002,hiphop
227,2002,pop
227,2002,r&b
228,2002,pop
229,2001,hiphop
229,2001,pop
230,2001,pop
231,2013,pop
231,2013,dance/electronic
232,2002,hiphop
232,2002,pop
232,2002,r&b
233,2002,hiphop
233,2002,pop
234,2015,pop
234,2015,r&b
235,2002,hiphop
235,2002,pop
235,2002,r&b
236,2000,pop
236,2000,dance/electronic
237,2002,hiphop
237,2002,pop
237,2002,r&b
238,2003,pop
239,2002,pop
240,2002,hiphop
240,2002,pop
240,2002,r&b
241,2002,pop
241,2002,r&b
242,2002,dance/electronic
243,2001,hiphop
243,2001,pop
244,2019,pop
245,2001,rock
245,2001,pop
246,2002,hiphop
246,2002,pop
246,2002,r&b
247,2002,rock
248,2002,pop
248,2002,r&b
249,2002,hiphop
249,2002,pop
250,2001,hiphop
250,2001,pop
250,2001,r&b
251,2002,pop
252,2001,pop
252,2001,dance/electronic
253,2002,hiphop
253,2002,pop
254,2003,pop
255,2005,hiphop
255,2005,pop
256,2001,pop
257,2001,rock
257,2001,pop
258,2002,hiphop
258,2002,pop
258,2002,r&b
259,2002,pop
259,2002,dance/electronic
260,2002,pop
261,2001,pop
261,2001,r&b
262,2001,pop
263,2002,hiphop
264,2002,hiphop
264,2002,pop
264,2002,r&b
265,2003,pop
266,2001,pop
267,2001,pop
267,2001,r&b
268,2002,pop
269,2002,rock
269,2002,pop
270,2002,hiphop
270,2002,pop
270,2002,r&b
271,2002,pop
271,2002,rock
272,2002,hiphop
272,2002,pop
273,2001,pop
273,2001,rock
273,2001,metal
274,2001,hiphop
274,2001,pop
274,2001,r&b
275,2002,hiphop
275,2002,pop
275,2002,r&b
276,2002,pop
277,2002,pop
278,2001,pop
279,2002,hiphop
279,2002,pop
280,2002,rock
281,2002,rock
281,2002,easylistening
282,2002,pop
283,2001,pop
284,2001,pop
284,2001,rock
285,2002,pop
285,2002,folk/acoustic
286,2001,hiphop
286,2001,pop
286,2001,r&b
287,2015,pop
287,2015,rock
287,2015,metal
288,2002,pop
288,2002,rock
289,2001,rock
289,2001,metal
290,2001,hiphop
290,2001,pop
291,2012,set()
292,2001,rock
292,2001,pop
292,2001,metal
293,2001,pop
293,2001,folk/acoustic
294,2002,pop
295,2001,pop
295,2001,latin
296,2001,rock
296,2001,metal
297,2002,rock
297,2002,pop
298,2001,hiphop
298,2001,pop
299,2001,pop
300,2003,hiphop
300,2003,pop
301,2002,hiphop
301,2002,pop
302,2004,hiphop
303,2003,pop
303,2003,r&b
304,2003,rock
304,2003,pop
305,2003,hiphop
305,2003,pop
306,2002,hiphop
306,2002,pop
306,2002,r&b
307,2003,hiphop
307,2003,pop
308,2020,pop
309,2003,pop
309,2003,dance/electronic
310,2002,hiphop
310,2002,pop
311,2003,world/traditional
311,2003,hiphop
312,2004,pop
312,2004,dance/electronic
313,2002,hiphop
314,2003,hiphop
314,2003,pop
315,2003,pop
316,2003,rock
316,2003,metal
317,2007,hiphop
317,2007,pop
318,2003,metal
319,2003,pop
319,2003,r&b
320,2002,hiphop
320,2002,pop
320,2002,r&b
321,2003,rock
321,2003,metal
322,2002,hiphop
322,2002,pop
323,2003,hiphop
323,2003,pop
323,2003,r&b
324,2003,hiphop
324,2003,pop
324,2003,r&b
324,2003,latin
325,2002,hiphop
325,2002,pop
325,2002,r&b
326,2003,pop
327,2004,pop
328,2003,pop
329,2002,pop
330,2003,rock
330,2003,blues
331,2003,hiphop
331,2003,pop
332,2003,pop
332,2003,r&b
333,2019,hiphop
333,2019,pop
333,2019,r&b
334,2002,pop
335,2003,rock
335,2003,metal
336,2003,pop
337,2003,hiphop
337,2003,pop
337,2003,r&b
338,2002,rock
338,2002,metal
339,2008,rock
339,2008,r&b
339,2008,folk/acoustic
339,2008,pop
340,2003,pop
340,2003,r&b
341,2003,pop
341,2003,dance/electronic
342,2016,hiphop
342,2016,pop
342,2016,r&b
343,2003,dance/electronic
344,2009,hiphop
345,2003,metal
346,2003,pop
346,2003,r&b
347,2003,hiphop
347,2003,pop
348,2003,hiphop
348,2003,pop
349,2003,hiphop
349,2003,pop
349,2003,r&b
350,2002,hiphop
351,2003,hiphop
351,2003,pop
351,2003,r&b
352,2003,pop
352,2003,r&b
353,2003,hiphop
353,2003,pop
354,2002,hiphop
354,2002,pop
354,2002,r&b
355,2002,hiphop
355,2002,pop
355,2002,r&b
356,2003,pop
356,2003,dance/electronic
357,2003,pop
357,2003,dance/electronic
358,2002,pop
359,2003,hiphop
359,2003,pop
359,2003,r&b
360,2005,hiphop
360,2005,pop
361,2002,hiphop
361,2002,pop
361,2002,r&b
362,2003,hiphop
362,2003,pop
362,2003,r&b
363,2003,rock
364,2003,pop
364,2003,dance/electronic
365,2003,hiphop
365,2003,pop
366,2002,hiphop
367,2002,pop
367,2002,rock
367,2002,metal
368,2002,hiphop
368,2002,pop
368,2002,r&b
369,2002,pop
370,2003,pop
371,2003,rock
371,2003,pop
372,2003,pop
372,2003,r&b
373,2002,hiphop
374,2002,rock
374,2002,pop
375,2002,hiphop
375,2002,pop
375,2002,r&b
376,2002,hiphop
376,2002,pop
376,2002,r&b
377,2003,hiphop
377,2003,pop
377,2003,r&b
378,2002,pop
379,2002,rock
379,2002,metal
380,2002,hiphop
380,2002,pop
381,2002,pop
381,2002,r&b
382,2002,hiphop
382,2002,pop
382,2002,r&b
383,2003,pop
383,2003,r&b
384,2003,pop
385,2002,hiphop
386,2003,hiphop
386,2003,pop
386,2003,r&b
387,2003,hiphop
387,2003,pop
387,2003,r&b
388,2003,pop
388,2003,r&b
389,2002,hiphop
389,2002,pop
389,2002,r&b
390,2002,pop
390,2002,rock
391,2003,hiphop
391,2003,pop
392,2003,hiphop
392,2003,pop
392,2003,r&b
393,2003,rock
393,2003,pop
394,2002,pop
395,2002,rock
395,2002,metal
396,2003,hiphop
396,2003,r&b
397,2003,rock
398,2002,pop
399,2003,pop
400,2004,hiphop
400,2004,pop
400,2004,r&b
401,2002,pop
402,2003,pop
403,2003,hiphop
403,2003,pop
404,2003,pop
404,2003,rock
404,2003,metal
405,2004,pop
406,2004,latin
407,2004,hiphop
407,2004,pop
408,2004,pop
409,2004,hiphop
410,1999,pop
411,2004,pop
411,2004,r&b
412,2004,hiphop
412,2004,pop
412,2004,r&b
413,2003,metal
414,2004,hiphop
414,2004,pop
415,2003,pop
415,2003,r&b
416,2003,rock
416,2003,metal
417,2004,hiphop
417,2004,pop
418,2004,pop
419,2004,hiphop
419,2004,pop
419,2004,rock
420,2004,hiphop
420,2004,pop
420,2004,r&b
421,2016,pop
422,2004,pop
422,2004,r&b
423,2004,pop
423,2004,dance/electronic
424,2004,pop
424,2004,r&b
425,2003,pop
425,2003,r&b
425,2003,dance/electronic
426,2004,hiphop
426,2004,pop
426,2004,r&b
427,2004,rock
428,2004,set()
429,2004,pop
430,2004,pop
430,2004,r&b
431,2003,hiphop
431,2003,pop
431,2003,r&b
431,2003,latin
432,2003,hiphop
432,2003,pop
433,2003,hiphop
434,2004,pop
434,2004,latin
435,2004,pop
436,2004,pop
436,2004,rock
437,2003,hiphop
437,2003,pop
438,2003,hiphop
438,2003,pop
439,2003,pop
439,2003,latin
440,2003,pop
440,2003,r&b
440,2003,dance/electronic
441,2003,rock
441,2003,metal
442,2005,hiphop
442,2005,pop
442,2005,r&b
443,2004,hiphop
443,2004,pop
443,2004,r&b
444,2003,pop
444,2003,r&b
445,2004,hiphop
446,2003,pop
446,2003,r&b
447,2004,hiphop
447,2004,pop
448,2002,hiphop
448,2002,pop
449,2004,dance/electronic
450,2004,hiphop
450,2004,pop
450,2004,rock
451,2003,pop
451,2003,dance/electronic
452,2004,hiphop
453,2003,hiphop
453,2003,pop
453,2003,r&b
454,2004,hiphop
454,2004,pop
455,2004,set()
456,2004,pop
456,2004,dance/electronic
457,2004,hiphop
457,2004,pop
457,2004,r&b
458,2004,hiphop
459,2003,pop
460,2004,world/traditional
460,2004,rock
461,2004,rock
462,2001,hiphop
462,2001,pop
463,2003,hiphop
463,2003,pop
464,2004,hiphop
464,2004,pop
465,2004,hiphop
466,2003,metal
467,2004,hiphop
467,2004,pop
467,2004,r&b
468,2004,r&b
469,2003,rock
469,2003,pop
470,2004,pop
471,2004,hiphop
471,2004,pop
471,2004,r&b
472,2004,rock
473,2003,pop
473,2003,r&b
473,2003,dance/electronic
474,2004,pop
474,2004,rock
474,2004,dance/electronic
475,2003,pop
475,2003,r&b
476,2004,hiphop
477,2004,pop
478,2003,hiphop
478,2003,pop
479,2004,pop
480,2003,pop
481,2004,set()
482,2003,pop
482,2003,r&b
483,2002,pop
483,2002,rock
483,2002,metal
484,2004,hiphop
485,2004,hiphop
485,2004,pop
485,2004,r&b
486,2003,pop
486,2003,easylistening
486,2003,jazz
487,2004,hiphop
487,2004,pop
487,2004,r&b
488,2004,hiphop
488,2004,pop
488,2004,r&b
489,2004,dance/electronic
490,2004,hiphop
490,2004,dance/electronic
491,2003,hiphop
491,2003,pop
492,2003,hiphop
492,2003,pop
493,2004,pop
493,2004,dance/electronic
494,2003,pop
494,2003,r&b
495,2004,hiphop
496,2001,pop
497,2004,pop
498,2003,pop
499,2003,pop
499,2003,r&b
500,2005,pop
500,2005,r&b
501,2004,pop
501,2004,r&b
502,2005,hiphop
503,2005,hiphop
503,2005,pop
503,2005,r&b
504,2005,hiphop
504,2005,pop
505,2005,pop
506,2004,rock
507,2005,pop
507,2005,r&b
508,2005,pop
509,2004,pop
510,2005,pop
511,2005,hiphop
511,2005,pop
512,2005,pop
513,2004,hiphop
514,2005,hiphop
514,2005,pop
515,2004,pop
515,2004,r&b
516,2005,dance/electronic
517,2005,hiphop
517,2005,pop
517,2005,rock
518,2005,hiphop
518,2005,pop
519,2005,hiphop
519,2005,pop
520,2005,hiphop
520,2005,pop
520,2005,r&b
521,2005,pop
521,2005,r&b
522,2005,hiphop
522,2005,pop
523,2004,pop
523,2004,r&b
524,2005,hiphop
524,2005,pop
525,2005,hiphop
525,2005,pop
525,2005,r&b
525,2005,latin
526,2005,hiphop
526,2005,pop
526,2005,r&b
527,2004,hiphop
528,2005,hiphop
528,2005,pop
529,2005,hiphop
530,2005,hiphop
530,2005,pop
531,2004,pop
532,2005,rock
532,2005,dance/electronic
533,2005,pop
533,2005,r&b
534,2005,hiphop
534,2005,pop
535,2004,hiphop
536,2005,pop
536,2005,latin
537,2005,hiphop
538,2004,hiphop
538,2004,pop
539,2005,pop
539,2005,rock
540,2005,hiphop
540,2005,pop
541,2004,hiphop
541,2004,pop
542,2005,hiphop
542,2005,pop
543,2005,hiphop
543,2005,pop
543,2005,r&b
544,2005,pop
544,2005,folk/acoustic
545,2004,set()
546,2005,hiphop
546,2005,pop
546,2005,r&b
547,2005,pop
548,2005,hiphop
548,2005,pop
548,2005,r&b
549,2005,hiphop
550,2004,hiphop
550,2004,pop
551,2005,hiphop
551,2005,pop
552,2004,pop
552,2004,r&b
553,2005,pop
553,2005,r&b
554,2008,hiphop
554,2008,pop
554,2008,r&b
555,2004,hiphop
555,2004,pop
556,2005,rock
557,2005,pop
557,2005,folk/acoustic
558,2004,pop
558,2004,r&b
559,2005,hiphop
559,2005,pop
559,2005,r&b
560,2005,rock
561,2003,pop
561,2003,r&b
562,2004,hiphop
563,2005,hiphop
563,2005,pop
563,2005,r&b
564,2005,pop
564,2005,easylistening
564,2005,jazz
565,2004,hiphop
565,2004,pop
566,2005,pop
566,2005,r&b
567,2005,hiphop
567,2005,pop
568,2020,hiphop
568,2020,pop
569,2005,hiphop
569,2005,pop
569,2005,r&b
570,2005,rock
571,2004,pop
571,2004,r&b
572,2005,hiphop
572,2005,pop
573,2005,pop
574,2005,hiphop
574,2005,pop
574,2005,r&b
575,2004,rock
575,2004,metal
576,2006,rock
577,2006,pop
578,2005,hiphop
578,2005,pop
578,2005,r&b
579,2005,rock
580,2004,hiphop
580,2004,pop
580,2004,r&b
581,2004,pop
581,2004,r&b
582,2012,pop
582,2012,rock
582,2012,metal
583,2005,rock
583,2005,metal
584,2005,hiphop
584,2005,pop
584,2005,r&b
585,2004,pop
585,2004,r&b
586,2005,pop
586,2005,r&b
587,2004,pop
588,2005,rock
588,2005,pop
589,2004,hiphop
590,2004,hiphop
590,2004,pop
590,2004,r&b
591,2005,rock
591,2005,pop
592,2005,world/traditional
592,2005,pop
592,2005,folk/acoustic
593,2004,pop
593,2004,r&b
594,2004,pop
594,2004,r&b
595,2004,world/traditional
595,2004,rock
596,2005,rock
596,2005,pop
597,2005,country
598,2004,pop
598,2004,r&b
599,2005,rock
599,2005,metal
600,2005,pop
600,2005,latin
601,2005,hiphop
601,2005,pop
602,2006,pop
603,2007,pop
603,2007,r&b
604,2006,r&b
605,2006,hiphop
605,2006,pop
605,2006,r&b
606,2006,hiphop
606,2006,r&b
607,2006,hiphop
607,2006,pop
608,2006,hiphop
608,2006,pop
608,2006,latin
609,2006,pop
609,2006,dance/electronic
610,2006,hiphop
610,2006,pop
611,2005,pop
612,2005,hiphop
612,2005,pop
613,2005,hiphop
613,2005,pop
614,2006,hiphop
614,2006,pop
614,2006,latin
615,2015,pop
615,2015,dance/electronic
616,2006,hiphop
616,2006,pop
617,2005,pop
617,2005,r&b
618,2006,pop
618,2006,r&b
619,2005,hiphop
620,2006,hiphop
620,2006,pop
620,2006,r&b
621,2006,rock
622,2005,hiphop
622,2005,pop
622,2005,r&b
623,2004,pop
624,2006,pop
624,2006,r&b
625,2006,hiphop
625,2006,pop
626,2005,pop
626,2005,r&b
627,2006,hiphop
627,2006,pop
628,2006,pop
628,2006,dance/electronic
629,2005,hiphop
630,2006,hiphop
630,2006,pop
631,2006,pop
632,2006,pop
633,2005,rock
633,2005,metal
634,2005,hiphop
634,2005,pop
634,2005,r&b
635,2006,pop
636,2006,pop
636,2006,r&b
637,2011,hiphop
637,2011,pop
637,2011,dance/electronic
638,2005,hiphop
638,2005,pop
639,2006,hiphop
639,2006,pop
639,2006,r&b
640,2007,pop
640,2007,r&b
641,2006,pop
642,2005,hiphop
643,2006,pop
643,2006,r&b
643,2006,dance/electronic
644,2005,pop
644,2005,dance/electronic
645,2005,set()
646,2005,pop
646,2005,r&b
647,2012,pop
647,2012,dance/electronic
648,2006,hiphop
648,2006,pop
648,2006,r&b
649,2005,hiphop
650,2006,hiphop
650,2006,pop
651,2006,metal
652,2006,hiphop
652,2006,pop
652,2006,r&b
653,2005,rock
653,2005,metal
654,2005,rock
655,2007,pop
655,2007,r&b
656,2006,hiphop
656,2006,pop
657,2006,hiphop
657,2006,pop
658,2006,pop
659,2006,hiphop
659,2006,pop
660,2006,rock
661,2006,country
662,2006,pop
662,2006,r&b
663,2005,hiphop
663,2005,pop
663,2005,r&b
664,2006,pop
665,2006,pop
665,2006,r&b
666,2006,hiphop
666,2006,pop
666,2006,r&b
667,2005,pop
667,2005,r&b
668,2005,hiphop
668,2005,pop
668,2005,country
669,2006,r&b
670,2006,country
671,2006,rock
672,2006,pop
672,2006,rock
672,2006,dance/electronic
673,2006,pop
673,2006,r&b
674,2019,pop
674,2019,rock
674,2019,metal
675,2006,rock
676,2006,rock
677,2005,hiphop
677,2005,pop
677,2005,rock
678,2005,pop
678,2005,r&b
679,2005,rock
680,2005,pop
681,2006,pop
682,2006,pop
683,2006,pop
684,2006,pop
685,2005,hiphop
685,2005,pop
685,2005,r&b
686,2005,world/traditional
686,2005,pop
686,2005,folk/acoustic
687,2004,pop
688,2006,rock
688,2006,pop
689,2006,pop
689,2006,r&b
690,2006,world/traditional
690,2006,rock
690,2006,pop
691,2005,pop
692,2006,world/traditional
692,2006,pop
693,2006,rock
694,2006,rock
694,2006,pop
695,2005,rock
695,2005,pop
696,2006,pop
696,2006,r&b
697,2005,hiphop
697,2005,pop
697,2005,r&b
698,2006,pop
699,2006,rock
700,2007,pop
700,2007,r&b
701,2008,hiphop
701,2008,pop
701,2008,r&b
702,2007,pop
703,2006,pop
703,2006,r&b
704,2007,pop
705,2005,pop
706,2006,pop
707,2006,pop
707,2006,r&b
708,2007,hiphop
708,2007,pop
708,2007,r&b
709,2006,hiphop
709,2006,pop
709,2006,latin
710,2012,set()
711,2007,dance/electronic
712,2007,pop
712,2007,dance/electronic
713,2006,pop
714,2007,hiphop
714,2007,pop
714,2007,r&b
715,2007,hiphop
715,2007,pop
716,2007,pop
716,2007,dance/electronic
717,2015,pop
717,2015,dance/electronic
718,2006,pop
718,2006,r&b
719,2007,hiphop
720,2007,pop
720,2007,r&b
721,2007,hiphop
721,2007,pop
722,2006,pop
723,2007,hiphop
723,2007,pop
724,2006,hiphop
724,2006,pop
725,2006,pop
726,2008,hiphop
726,2008,pop
726,2008,r&b
727,2007,hiphop
727,2007,pop
727,2007,r&b
728,2007,hiphop
729,2006,set()
730,2007,rock
730,2007,metal
731,2007,hiphop
731,2007,pop
731,2007,r&b
732,2007,hiphop
732,2007,pop
732,2007,r&b
733,2007,hiphop
733,2007,pop
734,2007,rock
734,2007,metal
735,2006,pop
736,2007,hiphop
736,2007,pop
737,2007,hiphop
737,2007,pop
737,2007,r&b
738,2007,rock
738,2007,metal
739,2006,pop
740,2007,rock
741,2006,pop
742,2006,pop
742,2006,r&b
743,2007,rock
743,2007,metal
744,2006,rock
745,2007,hiphop
745,2007,pop
745,2007,dance/electronic
746,2007,pop
746,2007,r&b
747,2007,pop
748,2007,pop
748,2007,r&b
749,2016,pop
749,2016,rock
749,2016,metal
750,2013,hiphop
750,2013,pop
751,2007,hiphop
751,2007,pop
751,2007,r&b
752,2007,rock
753,2007,hiphop
753,2007,pop
753,2007,r&b
754,2006,hiphop
754,2006,pop
755,2006,pop
755,2006,r&b
756,2006,hiphop
756,2006,pop
756,2006,r&b
757,2007,hiphop
757,2007,pop
757,2007,r&b
758,2005,rock
758,2005,metal
759,2007,rock
760,2006,pop
761,2007,rock
762,2006,r&b
763,2007,hiphop
763,2007,pop
763,2007,r&b
764,2006,pop
764,2006,r&b
765,2007,pop
765,2007,latin
766,2017,dance/electronic
767,2005,pop
767,2005,dance/electronic
768,2007,pop
769,2007,rock
770,2007,pop
770,2007,rock
771,2019,pop
771,2019,rock
771,2019,metal
772,2006,hiphop
772,2006,pop
773,2007,rock
773,2007,metal
774,2007,hiphop
774,2007,pop
774,2007,r&b
775,2007,rock
776,2007,pop
777,2006,hiphop
777,2006,pop
777,2006,r&b
778,2006,hiphop
778,2006,pop
779,2006,pop
780,2006,pop
781,2006,pop
782,2007,hiphop
782,2007,pop
782,2007,r&b
783,2006,pop
784,2007,pop
785,2005,pop
785,2005,country
786,2006,dance/electronic
787,2007,hiphop
787,2007,pop
787,2007,r&b
788,2007,hiphop
788,2007,pop
789,2007,pop
790,2007,hiphop
790,2007,pop
791,2006,pop
792,2007,rock
792,2007,pop
793,2007,set()
794,2007,set()
795,2007,pop
796,2007,pop
797,2007,hiphop
797,2007,pop
797,2007,r&b
797,2007,dance/electronic
798,2006,rock
799,2006,hiphop
799,2006,pop
800,2008,hiphop
800,2008,pop
801,2008,pop
802,2008,hiphop
802,2008,pop
802,2008,r&b
803,2007,pop
803,2007,r&b
804,2007,hiphop
804,2007,pop
804,2007,r&b
805,2008,pop
805,2008,r&b
806,2007,hiphop
806,2007,pop
806,2007,r&b
807,2008,pop
807,2008,r&b
808,2008,hiphop
808,2008,pop
808,2008,r&b
809,2007,hiphop
809,2007,pop
810,2007,pop
810,2007,dance/electronic
811,2008,hiphop
811,2008,pop
811,2008,r&b
812,2011,hiphop
813,2007,pop
814,2008,hiphop
814,2008,pop
815,2008,pop
816,2007,hiphop
817,2009,pop
818,2008,pop
819,2008,hiphop
819,2008,pop
819,2008,r&b
820,2007,hiphop
820,2007,pop
821,2008,pop
822,2008,pop
823,2008,pop
823,2008,dance/electronic
824,2010,hiphop
824,2010,pop
824,2010,r&b
825,2008,hiphop
825,2008,pop
826,2008,pop
827,2008,pop
827,2008,r&b
828,2007,hiphop
828,2007,pop
829,2007,hiphop
829,2007,pop
830,2007,pop
831,2008,hiphop
831,2008,pop
832,2008,pop
832,2008,r&b
833,2008,hiphop
833,2008,pop
834,2008,hiphop
834,2008,pop
834,2008,r&b
835,2007,pop
836,2008,pop
837,2007,hiphop
837,2007,pop
837,2007,r&b
838,2007,rock
838,2007,metal
839,2008,pop
840,2011,hiphop
840,2011,pop
840,2011,dance/electronic
841,2008,r&b
842,2007,rock
842,2007,blues
843,2007,hiphop
843,2007,pop
843,2007,r&b
844,2008,pop
844,2008,r&b
845,2008,hiphop
845,2008,pop
845,2008,r&b
846,2008,pop
847,2008,rock
847,2008,pop
847,2008,metal
848,2007,hiphop
849,2008,r&b
850,2008,rock
850,2008,metal
851,2008,dance/electronic
852,2008,hiphop
852,2008,pop
853,2008,pop
853,2008,r&b
854,2008,pop
855,2008,hiphop
856,2008,hiphop
856,2008,pop
857,2007,pop
857,2007,rock
858,2008,pop
858,2008,rock
858,2008,metal
859,2007,pop
859,2007,dance/electronic
860,2008,pop
860,2008,r&b
861,2007,rock
862,2007,pop
862,2007,rock
862,2007,dance/electronic
863,2008,hiphop
863,2008,pop
864,2007,rock
864,2007,blues
864,2007,latin
865,2007,hiphop
865,2007,pop
865,2007,r&b
866,2008,hiphop
866,2008,dance/electronic
867,2008,hiphop
867,2008,pop
867,2008,r&b
868,2008,pop
868,2008,dance/electronic
869,2008,dance/electronic
870,2008,pop
870,2008,rock
870,2008,dance/electronic
871,2008,hiphop
871,2008,pop
871,2008,r&b
872,2008,pop
872,2008,r&b
873,2007,pop
873,2007,r&b
874,2007,pop
874,2007,rock
875,2008,hiphop
875,2008,pop
876,2007,hiphop
876,2007,pop
876,2007,r&b
877,2007,pop
878,2009,pop
879,2007,pop
879,2007,r&b
880,2007,pop
880,2007,r&b
881,2008,rock
881,2008,pop
882,2008,rock
883,2007,hiphop
884,2008,pop
884,2008,r&b
885,2008,pop
886,2007,hiphop
886,2007,pop
886,2007,r&b
886,2007,dance/electronic
887,2008,pop
887,2008,folk/acoustic
888,2007,pop
888,2007,r&b
889,2008,rock
889,2008,pop
890,2008,hiphop
890,2008,pop
890,2008,r&b
891,2008,pop
891,2008,r&b
891,2008,easylistening
892,2008,pop
892,2008,r&b
893,2008,pop
894,2007,hiphop
894,2007,pop
895,2008,hiphop
895,2008,pop
895,2008,r&b
896,2008,pop
896,2008,r&b
897,2007,pop
897,2007,r&b
898,2006,pop
898,2006,r&b
899,2008,hiphop
899,2008,pop
899,2008,r&b
900,2009,hiphop
900,2009,pop
901,2008,pop
902,2008,pop
902,2008,r&b
903,2010,hiphop
903,2010,pop
903,2010,dance/electronic
904,2009,hiphop
904,2009,pop
905,2008,pop
906,2009,hiphop
906,2009,pop
906,2009,latin
907,2008,pop
908,2008,pop
909,2009,rock
909,2009,pop
909,2009,metal
910,2009,rock
910,2009,pop
910,2009,dance/electronic
911,2009,hiphop
911,2009,pop
912,2008,hiphop
913,2009,hiphop
914,2008,pop
915,2008,pop
916,2009,hiphop
916,2009,pop
916,2009,latin
917,2009,pop
917,2009,r&b
918,2008,pop
918,2008,r&b
919,2009,pop
919,2009,dance/electronic
920,2009,hiphop
920,2009,pop
921,2009,pop
921,2009,latin
922,2008,pop
923,2009,hiphop
924,2009,pop
925,2009,hiphop
925,2009,pop
925,2009,r&b
926,2009,hiphop
926,2009,pop
926,2009,dance/electronic
927,2009,rock
927,2009,metal
928,2008,hiphop
928,2008,pop
929,2009,hiphop
930,2009,pop
931,2008,hiphop
931,2008,pop
932,2009,hiphop
933,2011,hiphop
933,2011,pop
933,2011,dance/electronic
934,2009,pop
934,2009,r&b
935,2009,hiphop
935,2009,pop
935,2009,r&b
936,2008,hiphop
936,2008,pop
937,2009,rock
938,2009,hiphop
938,2009,pop
938,2009,r&b
939,2008,pop
939,2008,r&b
940,2010,hiphop
940,2010,pop
940,2010,dance/electronic
941,2009,pop
941,2009,dance/electronic
942,2008,hiphop
942,2008,pop
943,2009,hiphop
944,2010,pop
945,2009,pop
945,2009,dance/electronic
946,2009,pop
946,2009,dance/electronic
947,2009,pop
948,2008,hiphop
948,2008,pop
948,2008,rock
949,2009,set()
950,2008,pop
950,2008,r&b
951,2008,pop
952,2009,pop
953,2009,pop
953,2009,r&b
954,2009,hiphop
954,2009,pop
954,2009,r&b
955,2009,pop
955,2009,dance/electronic
956,2008,hiphop
957,2005,pop
957,2005,dance/electronic
958,2009,hiphop
958,2009,pop
958,2009,r&b
959,2010,hiphop
959,2010,pop
960,2009,pop
961,2008,hiphop
961,2008,pop
962,2009,hiphop
962,2009,pop
962,2009,r&b
963,2008,rock
963,2008,pop
963,2008,dance/electronic
964,2009,pop
964,2009,dance/electronic
965,2008,rock
965,2008,metal
966,2009,pop
966,2009,dance/electronic
967,2009,rock
968,2009,hiphop
968,2009,pop
968,2009,dance/electronic
969,2009,pop
970,2008,hiphop
970,2008,pop
970,2008,r&b
971,2009,pop
971,2009,dance/electronic
972,2009,rock
973,2008,rock
973,2008,metal
974,2008,pop
974,2008,r&b
975,2008,hiphop
975,2008,pop
976,2011,hiphop
976,2011,pop
976,2011,dance/electronic
977,2008,pop
977,2008,r&b
978,2009,pop
979,2009,hiphop
979,2009,pop
979,2009,r&b
980,2009,pop
981,2013,pop
982,2009,country
983,2009,pop
984,2009,pop
985,2008,rock
986,2010,hiphop
986,2010,pop
986,2010,r&b
987,2009,pop
987,2009,r&b
988,2009,pop
989,2009,pop
989,2009,r&b
990,2008,pop
990,2008,r&b
991,2009,rock
992,2009,pop
992,2009,r&b
993,2008,pop
994,2008,rock
994,2008,metal
995,2009,hiphop
995,2009,pop
996,2008,pop
997,2009,pop
997,2009,r&b
998,2009,folk/acoustic
998,2009,rock
998,2009,pop
999,2009,pop
1000,2010,pop
1001,2010,hiphop
1002,2009,pop
1003,2010,pop
1004,2010,pop
1004,2010,dance/electronic
1005,2010,hiphop
1005,2010,pop
1005,2010,dance/electronic
1006,2010,hiphop
1006,2010,pop
1007,2010,hiphop
1007,2010,pop
1007,2010,r&b
1008,2012,pop
1009,2010,pop
1009,2010,dance/electronic
1010,2010,pop
1011,2010,hiphop
1011,2010,pop
1012,2010,hiphop
1012,2010,pop
1012,2010,dance/electronic
1013,2010,dance/electronic
1014,2011,latin
1015,2009,hiphop
1015,2009,pop
1015,2009,r&b
1016,2009,hiphop
1016,2009,pop
1016,2009,r&b
1017,2010,pop
1017,2010,dance/electronic
1018,2010,pop
1019,2010,hiphop
1019,2010,pop
1020,2009,hiphop
1020,2009,pop
1021,2009,dance/electronic
1022,2010,hiphop
1023,2009,pop
1024,2009,hiphop
1024,2009,pop
1024,2009,r&b
1025,2010,pop
1025,2010,r&b
1026,2010,hiphop
1026,2010,pop
1026,2010,rock
1027,2010,hiphop
1027,2010,pop
1028,2011,hiphop
1028,2011,pop
1028,2011,r&b
1029,2010,pop
1029,2010,dance/electronic
1030,2011,hiphop
1030,2011,pop
1030,2011,r&b
1031,2010,hiphop
1031,2010,pop
1031,2010,r&b
1032,2009,hiphop
1032,2009,pop
1033,2010,hiphop
1033,2010,pop
1034,2010,hiphop
1034,2010,pop
1034,2010,r&b
1035,2010,hiphop
1035,2010,pop
1036,2010,hiphop
1036,2010,pop
1036,2010,dance/electronic
1037,2010,pop
1038,2010,pop
1039,2010,hiphop
1039,2010,pop
1039,2010,dance/electronic
1040,2009,pop
1041,2010,dance/electronic
1042,2009,hiphop
1042,2009,pop
1042,2009,r&b
1043,2010,hiphop
1043,2010,pop
1043,2010,dance/electronic
1044,2009,pop
1045,2010,hiphop
1045,2010,pop
1045,2010,r&b
1046,2009,hiphop
1046,2009,pop
1046,2009,r&b
1047,2010,pop
1047,2010,latin
1048,2010,pop
1048,2010,dance/electronic
1049,2010,hiphop
1049,2010,pop
1049,2010,r&b
1050,2010,pop
1051,2009,hiphop
1051,2009,pop
1051,2009,r&b
1052,2010,hiphop
1052,2010,pop
1052,2010,r&b
1053,2010,hiphop
1053,2010,pop
1053,2010,rock
1054,2010,pop
1055,2011,hiphop
1055,2011,pop
1056,2010,pop
1056,2010,dance/electronic
1057,2009,set()
1058,2010,hiphop
1058,2010,pop
1059,2010,pop
1059,2010,dance/electronic
1060,2010,hiphop
1060,2010,pop
1061,2010,hiphop
1061,2010,pop
1062,2010,r&b
1063,2010,hiphop
1063,2010,pop
1064,2010,hiphop
1064,2010,pop
1065,2010,hiphop
1065,2010,pop
1065,2010,r&b
1066,2010,hiphop
1066,2010,pop
1066,2010,r&b
1067,2010,pop
1067,2010,r&b
1068,2010,pop
1069,2009,hiphop
1069,2009,pop
1069,2009,r&b
1070,2010,hiphop
1070,2010,pop
1071,2010,hiphop
1071,2010,pop
1071,2010,r&b
1072,2010,pop
1072,2010,dance/electronic
1073,2010,dance/electronic
1074,2010,pop
1074,2010,dance/electronic
1075,2009,hiphop
1075,2009,pop
1075,2009,r&b
1076,2010,hiphop
1076,2010,pop
1076,2010,r&b
1077,2010,hiphop
1077,2010,pop
1078,2010,pop
1078,2010,dance/electronic
1079,2010,pop
1079,2010,dance/electronic
1080,2010,pop
1080,2010,rock
1080,2010,dance/electronic
1081,2010,hiphop
1081,2010,pop
1081,2010,r&b
1082,2010,hiphop
1082,2010,pop
1083,2010,world/traditional
1083,2010,rock
1083,2010,pop
1084,2009,hiphop
1085,2009,hiphop
1085,2009,pop
1086,2010,hiphop
1086,2010,pop
1087,2010,pop
1088,2017,pop
1088,2017,rock
1089,2010,hiphop
1089,2010,pop
1090,2009,rock
1090,2009,pop
1091,2009,pop
1091,2009,r&b
1092,2010,pop
1092,2010,country
1093,2010,pop
1094,2010,rock
1094,2010,pop
1095,2009,pop
1096,2011,pop
1097,2010,pop
1097,2010,dance/electronic
1098,2010,country
1099,2010,hiphop
1099,2010,pop
1100,2011,pop
1100,2011,r&b
1101,2010,pop
1102,2011,hiphop
1102,2011,pop
1102,2011,dance/electronic
1103,2010,pop
1104,2010,pop
1105,2011,hiphop
1105,2011,pop
1105,2011,latin
1106,2011,pop
1106,2011,dance/electronic
1107,2010,hiphop
1107,2010,pop
1107,2010,dance/electronic
1108,2011,hiphop
1108,2011,pop
1108,2011,r&b
1109,2010,hiphop
1109,2010,pop
1109,2010,r&b
1110,2010,pop
1110,2010,dance/electronic
1111,2011,hiphop
1111,2011,pop
1112,2010,hiphop
1112,2010,pop
1113,2010,hiphop
1113,2010,pop
1113,2010,r&b
1114,2011,pop
1114,2011,dance/electronic
1115,2010,hiphop
1115,2010,pop
1116,2012,hiphop
1116,2012,pop
1116,2012,dance/electronic
1117,2011,pop
1117,2011,dance/electronic
1118,2011,hiphop
1118,2011,pop
1118,2011,latin
1119,2011,pop
1119,2011,dance/electronic
1120,2011,hiphop
1120,2011,pop
1121,2012,pop
1122,2011,pop
1123,2011,hiphop
1123,2011,pop
1124,2010,pop
1125,2010,pop
1125,2010,latin
1126,2010,hiphop
1126,2010,pop
1126,2010,r&b
1127,2011,dance/electronic
1128,2011,pop
1128,2011,dance/electronic
1129,2011,hiphop
1129,2011,pop
1129,2011,dance/electronic
1130,2011,pop
1130,2011,dance/electronic
1131,2011,hiphop
1131,2011,pop
1132,2012,pop
1132,2012,dance/electronic
1133,2010,hiphop
1133,2010,pop
1134,2011,rock
1134,2011,metal
1135,2011,rock
1135,2011,pop
1135,2011,metal
1135,2011,dance/electronic
1136,2011,pop
1137,2012,pop
1138,2011,hiphop
1138,2011,pop
1139,2011,rock
1139,2011,pop
1140,2012,pop
1141,2011,pop
1141,2011,r&b
1142,2011,hiphop
1143,2011,hiphop
1143,2011,pop
1144,2011,hiphop
1144,2011,pop
1145,2011,hiphop
1145,2011,pop
1145,2011,r&b
1146,2010,hiphop
1146,2010,pop
1147,2011,pop
1147,2011,dance/electronic
1148,2010,pop
1148,2010,dance/electronic
1149,2011,hiphop
1149,2011,pop
1149,2011,r&b
1150,2011,hiphop
1150,2011,pop
1150,2011,r&b
1151,2011,pop
1151,2011,dance/electronic
1152,2011,hiphop
1152,2011,pop
1153,2011,hiphop
1153,2011,pop
1153,2011,r&b
1154,2011,pop
1154,2011,dance/electronic
1155,2010,hiphop
1156,2010,pop
1156,2010,r&b
1157,2010,hiphop
1157,2010,pop
1157,2010,r&b
1158,2010,hiphop
1158,2010,pop
1158,2010,r&b
1159,2019,hiphop
1159,2019,pop
1159,2019,r&b
1160,2011,pop
1161,2011,dance/electronic
1162,2011,dance/electronic
1163,2011,hiphop
1163,2011,dance/electronic
1164,2011,pop
1164,2011,dance/electronic
1165,2011,hiphop
1166,2011,pop
1167,2010,hiphop
1167,2010,pop
1168,2011,hiphop
1169,2012,hiphop
1169,2012,pop
1169,2012,dance/electronic
1170,2012,hiphop
1170,2012,pop
1170,2012,dance/electronic
1171,2011,rock
1171,2011,pop
1172,2011,hiphop
1172,2011,pop
1172,2011,r&b
1173,2011,hiphop
1173,2011,pop
1174,2010,country
1175,2011,hiphop
1175,2011,pop
1176,2009,pop
1177,2011,hiphop
1177,2011,pop
1178,2010,pop
1179,2011,hiphop
1179,2011,pop
1180,2011,pop
1180,2011,r&b
1181,2011,hiphop
1181,2011,pop
1182,2011,pop
1182,2011,r&b
1183,2011,rock
1184,2010,pop
1184,2010,r&b
1185,2010,pop
1186,2011,country
1187,2011,pop
1188,2011,pop
1188,2011,country
1189,2011,hiphop
1189,2011,pop
1189,2011,rock
1190,2011,pop
1190,2011,rock
1190,2011,folk/acoustic
1191,2011,rock
1191,2011,pop
1192,2011,pop
1192,2011,r&b
1193,2010,pop
1194,2011,pop
1195,2010,pop
1196,2010,country
1197,2011,hiphop
1197,2011,pop
1198,2011,pop
1199,2011,pop
1200,2011,hiphop
1200,2011,pop
1200,2011,r&b
1201,2012,pop
1201,2012,dance/electronic
1202,2012,rock
1202,2012,pop
1203,2012,hiphop
1203,2012,pop
1204,2011,hiphop
1204,2011,pop
1204,2011,latin
1205,2012,pop
1205,2012,dance/electronic
1206,2012,pop
1206,2012,r&b
1207,2012,hiphop
1207,2012,pop
1207,2012,dance/electronic
1208,2011,hiphop
1208,2011,pop
1208,2011,r&b
1209,2011,hiphop
1210,2012,pop
1211,2011,hiphop
1211,2011,pop
1211,2011,dance/electronic
1212,2012,pop
1212,2012,dance/electronic
1213,2012,hiphop
1213,2012,pop
1214,2013,hiphop
1214,2013,pop
1215,2012,hiphop
1215,2012,pop
1215,2012,dance/electronic
1216,2012,hiphop
1216,2012,pop
1217,2012,hiphop
1218,2012,pop
1218,2012,dance/electronic
1219,2012,hiphop
1220,2012,pop
1220,2012,dance/electronic
1221,2011,hiphop
1221,2011,pop
1221,2011,dance/electronic
1222,2012,pop
1223,2012,pop
1223,2012,dance/electronic
1224,2012,hiphop
1224,2012,pop
1224,2012,r&b
1225,2012,pop
1225,2012,dance/electronic
1226,2012,rock
1226,2012,metal
1227,2012,pop
1228,2011,pop
1228,2011,dance/electronic
1229,2012,hiphop
1229,2012,pop
1230,2012,hiphop
1230,2012,pop
1230,2012,r&b
1231,2012,hiphop
1231,2012,pop
1232,2012,pop
1233,2012,hiphop
1233,2012,pop
1234,2012,hiphop
1235,2012,pop
1236,2011,rock
1236,2011,pop
1236,2011,dance/electronic
1237,2014,hiphop
1237,2014,pop
1237,2014,r&b
1238,2012,pop
1239,2013,pop
1240,2012,country
1240,2012,latin
1241,2012,pop
1241,2012,dance/electronic
1242,2012,pop
1242,2012,dance/electronic
1243,2012,hiphop
1243,2012,pop
1244,2012,hiphop
1244,2012,pop
1244,2012,dance/electronic
1245,2012,hiphop
1245,2012,pop
1245,2012,r&b
1246,2012,pop
1246,2012,rock
1246,2012,dance/electronic
1247,2011,pop
1247,2011,r&b
1248,2011,rock
1248,2011,pop
1249,2012,hiphop
1249,2012,pop
1249,2012,r&b
1250,2012,hiphop
1250,2012,pop
1250,2012,r&b
1251,2012,hiphop
1251,2012,pop
1251,2012,dance/electronic
1252,2012,pop
1252,2012,rock
1253,2012,pop
1253,2012,dance/electronic
1254,2012,pop
1254,2012,dance/electronic
1255,2012,pop
1256,2012,hiphop
1256,2012,pop
1256,2012,dance/electronic
1257,2011,hiphop
1257,2011,pop
1258,2012,pop
1259,2012,hiphop
1259,2012,pop
1260,2012,pop
1261,2012,pop
1261,2012,rock
1262,2011,hiphop
1262,2011,pop
1263,2012,pop
1264,2012,hiphop
1264,2012,pop
1264,2012,dance/electronic
1265,2011,rock
1266,2012,hiphop
1266,2012,pop
1267,2012,pop
1267,2012,dance/electronic
1268,2012,pop
1269,2012,pop
1270,2012,pop
1270,2012,dance/electronic
1271,2011,set()
1272,2012,hiphop
1272,2012,pop
1273,2012,pop
1274,2012,pop
1275,2012,pop
1275,2012,dance/electronic
1276,2012,rock
1276,2012,pop
1277,2012,hiphop
1277,2012,pop
1277,2012,dance/electronic
1278,2012,pop
1278,2012,r&b
1279,2010,pop
1279,2010,rock
1279,2010,dance/electronic
1280,2012,pop
1281,2013,pop
1281,2013,dance/electronic
1282,2011,rock
1282,2011,pop
1283,2012,pop
1284,2011,hiphop
1284,2011,pop
1285,2012,pop
1285,2012,country
1286,2012,rock
1287,2012,hiphop
1287,2012,pop
1287,2012,r&b
1288,2011,pop
1288,2011,r&b
1289,2011,hiphop
1289,2011,pop
1289,2011,r&b
1290,2012,pop
1291,2012,hiphop
1291,2012,pop
1291,2012,dance/electronic
1292,2013,pop
1292,2013,dance/electronic
1293,2012,pop
1294,2012,pop
1294,2012,r&b
1295,2011,pop
1296,2011,hiphop
1296,2011,pop
1296,2011,r&b
1297,2012,pop
1298,2011,pop
1299,2011,pop
1299,2011,dance/electronic
1300,2013,pop
1300,2013,dance/electronic
1301,2013,pop
1301,2013,r&b
1302,2012,rock
1303,2013,pop
1303,2013,dance/electronic
1304,2012,pop
1305,2012,hiphop
1305,2012,pop
1306,2013,hiphop
1306,2013,dance/electronic
1307,2013,hiphop
1307,2013,pop
1308,2013,pop
1309,2013,pop
1309,2013,dance/electronic
1310,2013,dance/electronic
1311,2013,pop
1312,2013,hiphop
1312,2013,pop
1313,2012,hiphop
1313,2012,pop
1313,2012,dance/electronic
1314,2012,hiphop
1314,2012,pop
1314,2012,latin
1315,2013,hiphop
1315,2013,pop
1316,2013,hiphop
1316,2013,pop
1317,2012,hiphop
1317,2012,pop
1318,2013,pop
1318,2013,dance/electronic
1319,2013,hiphop
1319,2013,pop
1320,2013,set()
1321,2013,pop
1322,2013,rock
1322,2013,pop
1323,2013,pop
1323,2013,dance/electronic
1324,2013,pop
1325,2013,pop
1326,2013,rock
1327,2012,pop
1328,2013,hiphop
1329,2012,hiphop
1329,2012,pop
1329,2012,latin
1330,2013,pop
1331,2012,pop
1332,2013,pop
1332,2013,dance/electronic
1333,2012,hiphop
1333,2012,pop
1334,2013,hiphop
1335,2013,pop
1336,2013,hiphop
1337,2013,pop
1337,2013,dance/electronic
1338,2013,rock
1339,2013,pop
1339,2013,dance/electronic
1340,2012,pop
1340,2012,dance/electronic
1341,2012,rock
1342,2013,pop
1343,2012,pop
1344,2013,rock
1345,2013,pop
1345,2013,dance/electronic
1346,2014,pop
1346,2014,dance/electronic
1347,2012,hiphop
1347,2012,pop
1347,2012,dance/electronic
1348,2013,hiphop
1349,2012,pop
1350,2013,hiphop
1351,2014,pop
1351,2014,rock
1351,2014,dance/electronic
1352,2013,dance/electronic
1353,2012,hiphop
1353,2012,pop
1353,2012,dance/electronic
1354,2013,pop
1355,2011,pop
1355,2011,rock
1356,2013,pop
1356,2013,dance/electronic
1357,2013,hiphop
1357,2013,pop
1358,2014,dance/electronic
1359,2012,hiphop
1359,2012,pop
1359,2012,dance/electronic
1360,2013,pop
1361,2013,hiphop
1361,2013,pop
1361,2013,r&b
1362,2013,pop
1362,2013,r&b
1363,2013,hiphop
1363,2013,pop
1363,2013,r&b
1364,2013,pop
1365,2013,pop
1365,2013,rock
1366,2012,pop
1366,2012,dance/electronic
1367,2013,pop
1368,2013,country
1369,2012,hiphop
1369,2012,pop
1369,2012,dance/electronic
1370,2013,hiphop
1371,2012,pop
1372,2013,pop
1372,2013,dance/electronic
1373,2013,pop
1373,2013,rock
1374,2013,pop
1375,2013,hiphop
1375,2013,pop
1375,2013,r&b
1376,2012,hiphop
1376,2012,pop
1376,2012,dance/electronic
1377,2013,pop
1378,2013,hiphop
1378,2013,pop
1378,2013,r&b
1379,2013,hiphop
1379,2013,dance/electronic
1380,2013,pop
1380,2013,dance/electronic
1381,2013,pop
1382,2012,pop
1383,2012,pop
1383,2012,rock
1383,2012,folk/acoustic
1384,2013,pop
1385,2013,hiphop
1386,2013,pop
1386,2013,rock
1387,2013,pop
1388,2013,hiphop
1388,2013,pop
1388,2013,r&b
1389,2013,pop
1390,2012,pop
1391,2013,hiphop
1392,2013,pop
1393,2012,pop
1394,2012,pop
1395,2013,pop
1396,2012,hiphop
1396,2012,pop
1396,2012,r&b
1397,2013,pop
1398,2012,pop
1399,2012,country
1400,2014,hiphop
1400,2014,pop
1401,2013,pop
1402,2014,hiphop
1402,2014,pop
1403,2014,hiphop
1403,2014,pop
1404,2014,pop
1405,2014,pop
1406,2014,set()
1407,2014,pop
1408,2013,pop
1408,2013,r&b
1409,2014,dance/electronic
1410,2015,pop
1411,2014,hiphop
1411,2014,pop
1411,2014,dance/electronic
1412,2014,hiphop
1412,2014,pop
1413,2014,pop
1413,2014,dance/electronic
1414,2014,pop
1414,2014,dance/electronic
1415,2014,hiphop
1415,2014,pop
1415,2014,dance/electronic
1416,2013,hiphop
1416,2013,pop
1417,2014,pop
1418,2014,hiphop
1418,2014,pop
1418,2014,dance/electronic
1419,2014,hiphop
1419,2014,pop
1419,2014,r&b
1419,2014,dance/electronic
1420,2014,pop
1420,2014,dance/electronic
1421,2014,pop
1422,2015,hiphop
1422,2015,pop
1422,2015,r&b
1423,2014,hiphop
1423,2014,pop
1423,2014,dance/electronic
1424,2014,hiphop
1424,2014,pop
1425,2013,hiphop
1425,2013,pop
1426,2014,pop
1426,2014,rock
1427,2015,hiphop
1427,2015,pop
1427,2015,r&b
1428,2014,hiphop
1428,2014,pop
1429,2014,hiphop
1429,2014,pop
1429,2014,dance/electronic
1430,2013,hiphop
1430,2013,pop
1430,2013,dance/electronic
1431,2012,hiphop
1431,2012,pop
1431,2012,latin
1432,2014,pop
1433,2014,hiphop
1433,2014,pop
1434,2014,hiphop
1434,2014,pop
1434,2014,dance/electronic
1435,2014,hiphop
1435,2014,pop
1436,2014,hiphop
1436,2014,pop
1437,2014,pop
1437,2014,latin
1438,2014,pop
1438,2014,dance/electronic
1439,2014,pop
1439,2014,dance/electronic
1440,2013,pop
1440,2013,dance/electronic
1441,2014,pop
1442,2013,pop
1442,2013,dance/electronic
1443,2014,hiphop
1443,2014,dance/electronic
1444,2014,pop
1444,2014,r&b
1444,2014,dance/electronic
1445,2014,pop
1445,2014,dance/electronic
1446,2014,pop
1446,2014,rock
1446,2014,dance/electronic
1447,2014,pop
1448,2014,hiphop
1448,2014,pop
1449,2014,pop
1449,2014,dance/electronic
1450,2014,hiphop
1450,2014,pop
1450,2014,r&b
1451,2014,pop
1452,2014,pop
1452,2014,dance/electronic
1453,2014,dance/electronic
1454,2014,set()
1455,2014,pop
1456,2014,pop
1457,2014,pop
1457,2014,latin
1458,2013,pop
1458,2013,dance/electronic
1459,2014,hiphop
1459,2014,pop
1460,2014,pop
1460,2014,dance/electronic
1461,2014,pop
1461,2014,dance/electronic
1462,2014,pop
1463,2012,hiphop
1463,2012,pop
1464,2013,pop
1464,2013,dance/electronic
1465,2014,pop
1466,2014,pop
1466,2014,dance/electronic
1467,2014,pop
1468,2013,pop
1468,2013,dance/electronic
1469,2014,pop
1470,2014,hiphop
1470,2014,pop
1470,2014,dance/electronic
1471,2014,pop
1472,2014,pop
1472,2014,rock
1473,2014,pop
1474,2014,pop
1475,2014,pop
1476,2014,pop
1476,2014,dance/electronic
1477,2014,pop
1477,2014,dance/electronic
1478,2014,pop
1479,2014,rock
1479,2014,pop
1480,2014,pop
1480,2014,dance/electronic
1481,2014,hiphop
1481,2014,pop
1481,2014,dance/electronic
1482,2014,pop
1483,2013,pop
1484,2014,pop
1485,2014,hiphop
1485,2014,pop
1485,2014,r&b
1486,2013,pop
1487,2014,set()
1488,2014,rock
1488,2014,pop
1489,2014,pop
1489,2014,r&b
1490,2014,pop
1491,2014,pop
1491,2014,dance/electronic
1492,2013,pop
1493,2014,hiphop
1493,2014,pop
1493,2014,r&b
1494,2014,pop
1494,2014,rock
1494,2014,dance/electronic
1495,2014,pop
1495,2014,dance/electronic
1496,2014,pop
1497,2013,hiphop
1497,2013,pop
1498,2014,hiphop
1498,2014,pop
1499,2014,pop
1500,2015,pop
1501,2014,pop
1502,2015,hiphop
1502,2015,pop
1503,2015,pop
1504,2015,hiphop
1504,2015,pop
1504,2015,dance/electronic
1505,2014,pop
1505,2014,r&b
1506,2015,pop
1506,2015,rock
1506,2015,dance/electronic
1507,2014,hiphop
1507,2014,pop
1507,2014,dance/electronic
1508,2014,hiphop
1508,2014,pop
1508,2014,dance/electronic
1509,2015,pop
1510,2014,pop
1511,2015,pop
1511,2015,r&b
1512,2015,rock
1512,2015,pop
1513,2015,pop
1513,2015,dance/electronic
1514,2014,pop
1514,2014,dance/electronic
1515,2014,hiphop
1515,2014,pop
1515,2014,dance/electronic
1516,2015,pop
1517,2015,hiphop
1517,2015,pop
1518,2015,pop
1519,2015,hiphop
1519,2015,pop
1520,2015,pop
1520,2015,dance/electronic
1521,2015,hiphop
1521,2015,pop
1521,2015,dance/electronic
1522,2014,pop
1522,2014,dance/electronic
1523,2015,hiphop
1523,2015,pop
1523,2015,r&b
1524,2015,rock
1525,2016,hiphop
1526,2014,pop
1526,2014,dance/electronic
1527,2015,rock
1528,2015,pop
1529,2015,rock
1529,2015,classical
1530,2014,pop
1531,2015,hiphop
1531,2015,pop
1531,2015,dance/electronic
1532,2015,pop
1532,2015,dance/electronic
1533,2015,pop
1533,2015,dance/electronic
1534,2018,hiphop
1534,2018,pop
1534,2018,dance/electronic
1535,2014,pop
1536,2015,pop
1536,2015,r&b
1537,2014,hiphop
1537,2014,pop
1537,2014,latin
1538,2015,pop
1538,2015,dance/electronic
1539,2015,hiphop
1539,2015,pop
1539,2015,r&b
1540,2015,pop
1540,2015,dance/electronic
1541,2015,pop
1542,2015,hiphop
1542,2015,dance/electronic
1543,2015,pop
1543,2015,dance/electronic
1544,2015,pop
1545,2017,pop
1546,2015,pop
1547,2015,pop
1547,2015,r&b
1548,2015,hiphop
1548,2015,pop
1549,2015,hiphop
1550,2015,hiphop
1550,2015,pop
1550,2015,r&b
1551,2016,rock
1551,2016,folk/acoustic
1551,2016,pop
1552,2015,hiphop
1552,2015,pop
1553,2014,pop
1553,2014,dance/electronic
1554,2014,pop
1554,2014,r&b
1555,2015,pop
1556,2017,pop
1556,2017,dance/electronic
1557,2015,hiphop
1557,2015,pop
1557,2015,r&b
1558,2016,hiphop
1558,2016,pop
1558,2016,r&b
1559,2015,pop
1560,2015,pop
1561,2015,hiphop
1561,2015,pop
1562,2014,pop
1563,2015,pop
1563,2015,r&b
1564,2015,pop
1564,2015,r&b
1565,2015,hiphop
1565,2015,rock
1565,2015,pop
1566,2015,pop
1567,2016,pop
1567,2016,dance/electronic
1568,2015,metal
1569,2015,pop
1570,2015,hiphop
1570,2015,pop
1571,2014,folk/acoustic
1571,2014,pop
1572,2014,pop
1573,2015,pop
1573,2015,r&b
1574,2015,pop
1575,2015,hiphop
1575,2015,pop
1575,2015,dance/electronic
1576,2015,hiphop
1576,2015,pop
1577,2015,hiphop
1577,2015,pop
1578,2016,pop
1578,2016,dance/electronic
1579,2015,hiphop
1579,2015,pop
1579,2015,r&b
1580,2015,dance/electronic
1581,2015,pop
1582,2015,hiphop
1582,2015,pop
1583,2014,pop
1584,2015,pop
1584,2015,dance/electronic
1585,2015,pop
1585,2015,rock
1585,2015,dance/electronic
1586,2015,hiphop
1586,2015,pop
1586,2015,r&b
1587,2015,hiphop
1587,2015,pop
1588,2015,r&b
1589,2015,hiphop
1589,2015,pop
1589,2015,dance/electronic
1590,2015,pop
1590,2015,dance/electronic
1591,2015,rock
1591,2015,pop
1592,2018,pop
1592,2018,dance/electronic
1593,2015,pop
1594,2014,pop
1595,2015,pop
1596,2015,pop
1597,2015,pop
1597,2015,dance/electronic
1598,2015,pop
1599,2017,latin
1600,2016,pop
1600,2016,r&b
1601,2016,hiphop
1601,2016,pop
1601,2016,r&b
1602,2015,pop
1603,2016,pop
1603,2016,dance/electronic
1604,2015,pop
1604,2015,r&b
1605,2016,hiphop
1605,2016,pop
1606,2016,dance/electronic
1607,2016,pop
1608,2016,pop
1609,2016,hiphop
1609,2016,pop
1609,2016,r&b
1610,2015,rock
1610,2015,pop
1611,2015,pop
1612,2016,pop
1613,2015,pop
1613,2015,r&b
1613,2015,dance/electronic
1614,2016,hiphop
1614,2016,pop
1615,2015,hiphop
1615,2015,pop
1616,2016,hiphop
1616,2016,pop
1616,2016,dance/electronic
1617,2016,rock
1617,2016,pop
1617,2016,dance/electronic
1618,2016,hiphop
1618,2016,pop
1619,2016,rock
1620,2016,hiphop
1620,2016,pop
1621,2016,pop
1621,2016,dance/electronic
1622,2016,pop
1622,2016,dance/electronic
1623,2016,hiphop
1623,2016,pop
1623,2016,dance/electronic
1624,2016,pop
1624,2016,dance/electronic
1625,2016,hiphop
1625,2016,pop
1626,2016,pop
1626,2016,dance/electronic
1627,2017,pop
1628,2017,pop
1629,2016,pop
1629,2016,dance/electronic
1630,2018,dance/electronic
1631,2016,pop
1631,2016,dance/electronic
1632,2016,hiphop
1632,2016,pop
1632,2016,dance/electronic
1633,2016,hiphop
1633,2016,pop
1633,2016,dance/electronic
1634,2016,hiphop
1634,2016,pop
1634,2016,dance/electronic
1635,2016,hiphop
1635,2016,pop
1636,2016,hiphop
1636,2016,pop
1636,2016,r&b
1637,2016,pop
1638,2016,pop
1638,2016,dance/electronic
1639,2015,pop
1640,2015,pop
1641,2016,hiphop
1641,2016,pop
1641,2016,dance/electronic
1642,2016,pop
1642,2016,rock
1643,2015,rock
1644,2015,hiphop
1644,2015,pop
1645,2016,pop
1646,2016,pop
1646,2016,dance/electronic
1647,2016,pop
1648,2016,pop
1648,2016,dance/electronic
1649,2016,pop
1649,2016,latin
1650,2015,dance/electronic
1651,2016,pop
1651,2016,dance/electronic
1652,2016,hiphop
1652,2016,pop
1652,2016,r&b
1653,2016,pop
1654,2017,pop
1655,2016,hiphop
1655,2016,pop
1655,2016,r&b
1656,2015,rock
1656,2015,pop
1657,2016,pop
1657,2016,dance/electronic
1658,2016,pop
1658,2016,r&b
1659,2015,hiphop
1659,2015,rock
1659,2015,pop
1660,2016,pop
1661,2016,dance/electronic
1662,2016,hiphop
1662,2016,pop
1662,2016,dance/electronic
1663,2015,rock
1663,2015,pop
1663,2015,dance/electronic
1664,2016,pop
1664,2016,dance/electronic
1665,2016,pop
1666,2016,hiphop
1666,2016,pop
1666,2016,r&b
1667,2016,pop
1667,2016,dance/electronic
1668,2016,pop
1668,2016,r&b
1669,2016,hiphop
1669,2016,pop
1669,2016,dance/electronic
1670,2015,pop
1670,2015,dance/electronic
1671,2015,hiphop
1671,2015,pop
1671,2015,r&b
1672,2016,pop
1673,2016,pop
1674,2016,pop
1674,2016,dance/electronic
1675,2016,hiphop
1675,2016,pop
1675,2016,dance/electronic
1676,2015,pop
1676,2015,dance/electronic
1677,2016,hiphop
1677,2016,pop
1677,2016,r&b
1678,2016,pop
1679,2015,hiphop
1679,2015,pop
1679,2015,r&b
1680,2016,hiphop
1680,2016,pop
1680,2016,dance/electronic
1681,2016,pop
1681,2016,dance/electronic
1682,2015,pop
1682,2015,dance/electronic
1683,2016,dance/electronic
1684,2016,pop
1684,2016,rock
1685,2016,pop
1686,2016,hiphop
1686,2016,pop
1686,2016,r&b
1687,2016,hiphop
1687,2016,pop
1688,2016,hiphop
1688,2016,pop
1689,2016,pop
1690,2016,rock
1690,2016,pop
1690,2016,dance/electronic
1691,2016,hiphop
1692,2016,dance/electronic
1693,2015,hiphop
1693,2015,pop
1693,2015,r&b
1694,2016,pop
1694,2016,dance/electronic
1695,2016,pop
1695,2016,r&b
1696,2017,pop
1697,2016,pop
1697,2016,folk/acoustic
1698,2016,hiphop
1698,2016,pop
1698,2016,r&b
1699,2016,hiphop
1699,2016,pop
1699,2016,r&b
1700,2017,pop
1701,2018,hiphop
1701,2018,pop
1702,2017,pop
1702,2017,latin
1703,2017,pop
1704,2016,pop
1704,2016,dance/electronic
1705,2017,pop
1706,2017,rock
1707,2018,pop
1708,2017,pop
1708,2017,dance/electronic
1709,2017,pop
1710,2018,rock
1711,2016,hiphop
1711,2016,dance/electronic
1712,2017,pop
1712,2017,dance/electronic
1713,2017,hiphop
1713,2017,pop
1714,2017,hiphop
1714,2017,pop
1715,2017,pop
1716,2016,hiphop
1716,2016,pop
1717,2017,hiphop
1718,2017,hiphop
1718,2017,pop
1719,2017,hiphop
1719,2017,pop
1720,2017,hiphop
1721,2017,pop
1721,2017,dance/electronic
1722,2017,pop
1722,2017,dance/electronic
1723,2017,latin
1724,2016,hiphop
1724,2016,pop
1724,2016,dance/electronic
1725,2016,hiphop
1725,2016,pop
1726,2017,pop
1726,2017,dance/electronic
1727,2017,hiphop
1727,2017,dance/electronic
1728,2017,hiphop
1728,2017,pop
1729,2017,hiphop
1730,2017,rock
1731,2016,hiphop
1732,2017,hiphop
1732,2017,pop
1733,2017,hiphop
1733,2017,pop
1734,2017,hiphop
1735,2017,pop
1735,2017,folk/acoustic
1736,2017,hiphop
1736,2017,pop
1736,2017,dance/electronic
1737,2017,rock
1738,2017,pop
1738,2017,latin
1739,2017,hiphop
1740,2017,pop
1741,2017,pop
1742,2017,pop
1742,2017,dance/electronic
1743,2017,pop
1743,2017,dance/electronic
1744,2017,r&b
1745,2017,hiphop
1745,2017,pop
1745,2017,dance/electronic
1746,2017,hiphop
1747,2017,pop
1748,2017,pop
1748,2017,latin
1749,2017,hiphop
1750,2017,hiphop
1751,2017,hiphop
1752,2017,hiphop
1753,2017,hiphop
1753,2017,pop
1754,2017,hiphop
1754,2017,pop
1755,2017,pop
1755,2017,dance/electronic
1756,2017,pop
1756,2017,dance/electronic
1757,2016,pop
1757,2016,dance/electronic
1758,2017,pop
1759,2017,hiphop
1759,2017,pop
1759,2017,dance/electronic
1760,2017,hiphop
1760,2017,pop
1761,2017,pop
1762,2017,hiphop
1762,2017,pop
1763,2017,pop
1764,2017,pop
1765,2017,hiphop
1765,2017,pop
1766,2017,r&b
1767,2017,pop
1767,2017,dance/electronic
1768,2017,hiphop
1768,2017,pop
1769,2016,hiphop
1770,2017,pop
1770,2017,dance/electronic
1771,2017,pop
1771,2017,dance/electronic
1772,2017,pop
1773,2016,set()
1774,2017,hiphop
1774,2017,pop
1774,2017,dance/electronic
1775,2017,hiphop
1775,2017,pop
1776,2017,pop
1777,2017,rock
1777,2017,pop
1778,2017,hiphop
1778,2017,pop
1779,2019,pop
1779,2019,dance/electronic
1780,2017,pop
1781,2017,hiphop
1781,2017,pop
1781,2017,r&b
1782,2017,pop
1783,2016,pop
1783,2016,dance/electronic
1784,2016,pop
1784,2016,r&b
1785,2017,hiphop
1785,2017,pop
1786,2016,pop
1786,2016,dance/electronic
1787,2017,rock
1788,2017,pop
1789,2017,pop
1789,2017,latin
1790,2017,pop
1791,2016,pop
1791,2016,r&b
1792,2017,pop
1792,2017,dance/electronic
1793,2017,hiphop
1793,2017,pop
1794,2017,pop
1795,2017,pop
1795,2017,dance/electronic
1796,2017,pop
1796,2017,dance/electronic
1797,2016,pop
1798,2017,pop
1798,2017,dance/electronic
1799,2017,pop
1799,2017,dance/electronic
1800,2018,hiphop
1800,2018,pop
1800,2018,r&b
1801,2018,hiphop
1802,2017,hiphop
1802,2017,pop
1803,2017,hiphop
1803,2017,pop
1804,2018,pop
1804,2018,dance/electronic
1805,2018,hiphop
1806,2018,hiphop
1806,2018,pop
1806,2018,dance/electronic
1807,2018,pop
1807,2018,dance/electronic
1808,2018,hiphop
1808,2018,pop
1809,2018,hiphop
1810,2018,pop
1811,2018,hiphop
1812,2018,hiphop
1812,2018,pop
1812,2018,dance/electronic
1813,2018,hiphop
1813,2018,pop
1814,2018,hiphop
1814,2018,dance/electronic
1815,2018,rock
1816,2018,hiphop
1816,2018,pop
1816,2018,dance/electronic
1817,2018,pop
1817,2018,dance/electronic
1818,2018,pop
1818,2018,r&b
1819,2018,pop
1819,2018,dance/electronic
1820,2018,hiphop
1820,2018,pop
1821,2018,pop
1821,2018,dance/electronic
1822,2018,hiphop
1822,2018,pop
1822,2018,r&b
1823,2018,hiphop
1824,2018,pop
1824,2018,r&b
1825,2018,latin
1826,2018,hiphop
1826,2018,pop
1827,2019,latin
1828,2018,hiphop
1829,2018,pop
1829,2018,latin
1830,2017,hiphop
1830,2017,pop
1831,2018,hiphop
1832,2017,hiphop
1832,2017,pop
1832,2017,dance/electronic
1833,2018,pop
1833,2018,dance/electronic
1834,2018,hiphop
1834,2018,pop
1835,2018,hiphop
1835,2018,pop
1836,2018,hiphop
1837,2018,hiphop
1837,2018,pop
1838,2017,hiphop
1838,2017,pop
1839,2018,pop
1840,2018,hiphop
1840,2018,pop
1841,2018,set()
1842,2017,pop
1843,2018,pop
1843,2018,rock
1843,2018,dance/electronic
1844,2017,pop
1845,2018,pop
1845,2018,dance/electronic
1846,2017,rock
1846,2017,pop
1847,2018,pop
1847,2018,latin
1848,2017,pop
1848,2017,dance/electronic
1849,2018,pop
1850,2017,pop
1850,2017,dance/electronic
1851,2018,pop
1852,2017,hiphop
1852,2017,pop
1853,2018,hiphop
1854,2018,latin
1855,2018,hiphop
1855,2018,pop
1856,2018,hiphop
1857,2018,pop
1857,2018,dance/electronic
1858,2018,hiphop
1858,2018,pop
1858,2018,dance/electronic
1859,2018,latin
1860,2018,pop
1861,2018,hiphop
1862,2018,hiphop
1862,2018,pop
1863,2017,hiphop
1864,2018,pop
1864,2018,dance/electronic
1865,2018,pop
1866,2018,pop
1867,2018,hiphop
1867,2018,pop
1868,2018,hiphop
1868,2018,pop
1869,2018,hiphop
1869,2018,pop
1869,2018,r&b
1870,2018,hiphop
1870,2018,dance/electronic
1871,2018,pop
1872,2018,pop
1872,2018,latin
1873,2018,hiphop
1873,2018,pop
1874,2017,pop
1874,2017,latin
1875,2017,pop
1875,2017,dance/electronic
1876,2017,hiphop
1876,2017,pop
1876,2017,dance/electronic
1877,2018,dance/electronic
1878,2018,hiphop
1878,2018,pop
1878,2018,r&b
1879,2018,latin
1880,2018,hiphop
1880,2018,pop
1881,2018,pop
1881,2018,dance/electronic
1882,2018,rock
1882,2018,pop
1882,2018,dance/electronic
1883,2017,easylistening
1884,2017,pop
1884,2017,dance/electronic
1885,2018,hiphop
1885,2018,pop
1885,2018,r&b
1886,2018,pop
1887,2018,pop
1887,2018,dance/electronic
1888,2017,pop
1889,2018,pop
1889,2018,rock
1890,2018,pop
1890,2018,dance/electronic
1891,2018,hiphop
1891,2018,pop
1892,2018,pop
1892,2018,dance/electronic
1893,2018,pop
1893,2018,dance/electronic
1894,2018,pop
1895,2018,pop
1895,2018,r&b
1896,2018,hiphop
1896,2018,pop
1896,2018,r&b
1897,2017,hiphop
1898,2018,hiphop
1899,2019,hiphop
1899,2019,pop
1900,2019,pop
1900,2019,dance/electronic
1901,2019,pop
1902,2019,pop
1903,2019,hiphop
1904,2019,dance/electronic
1905,2018,pop
1905,2018,dance/electronic
1906,2019,pop
1906,2019,dance/electronic
1907,2018,pop
1908,2018,pop
1909,2019,pop
1910,2019,hiphop
1910,2019,pop
1910,2019,dance/electronic
1911,2019,hiphop
1911,2019,pop
1912,2019,hiphop
1913,2018,hiphop
1914,2019,latin
1915,2018,rock
1915,2018,pop
1915,2018,dance/electronic
1916,2019,pop
1917,2019,hiphop
1917,2019,pop
1918,2019,pop
1918,2019,dance/electronic
1919,2019,pop
1920,2018,hiphop
1920,2018,dance/electronic
1921,2019,pop
1921,2019,dance/electronic
1922,2019,pop
1923,2019,hiphop
1923,2019,pop
1923,2019,dance/electronic
1924,2018,hiphop
1925,2019,hiphop
1925,2019,pop
1925,2019,r&b
1926,2019,hiphop
1927,2019,pop
1928,2018,pop
1928,2018,dance/electronic
1929,2019,pop
1929,2019,dance/electronic
1930,2019,hiphop
1930,2019,pop
1931,2018,hiphop
1931,2018,pop
1932,2019,hiphop
1933,2019,pop
1934,2018,hiphop
1935,2019,hiphop
1935,2019,pop
1936,2019,hiphop
1936,2019,latin
1936,2019,dance/electronic
1937,2019,hiphop
1937,2019,pop
1937,2019,r&b
1938,2019,hiphop
1938,2019,pop
1939,2018,latin
1940,2019,hiphop
1941,2019,hiphop
1942,2018,hiphop
1943,2019,hiphop
1943,2019,pop
1944,2019,latin
1945,2019,pop
1946,2019,hiphop
1946,2019,pop
1947,2018,hiphop
1947,2018,pop
1948,2019,pop
1949,2019,hiphop
1950,2018,pop
1951,2019,pop
1952,2019,hiphop
1953,2019,hiphop
1953,2019,pop
1953,2019,dance/electronic
1954,2019,pop
1955,2019,hiphop
1955,2019,pop
1956,2019,hiphop
1956,2019,dance/electronic
1957,2019,pop
1958,2019,pop
1959,2019,latin
1960,2019,pop
1961,2018,pop
1961,2018,latin
1962,2019,hiphop
1963,2019,pop
1963,2019,latin
1964,2018,pop
1964,2018,r&b
1965,2018,hiphop
1966,2019,hiphop
1967,2019,hiphop
1967,2019,dance/electronic
1968,2019,pop
1968,2019,dance/electronic
1969,2019,pop
1970,2019,hiphop
1970,2019,dance/electronic
1971,2019,pop
1972,2019,pop
1973,2019,pop
1973,2019,dance/electronic
1974,2019,hiphop
1975,2019,set()
1976,2018,rock
1976,2018,pop
1977,2019,pop
1977,2019,dance/electronic
1978,2019,hiphop
1978,2019,pop
1978,2019,r&b
1979,2019,latin
1980,2019,pop
1980,2019,dance/electronic
1981,2019,hiphop
1981,2019,pop
1981,2019,r&b
1982,2019,latin
1983,2018,hiphop
1984,2019,pop
1985,2019,pop
1985,2019,dance/electronic
1986,2019,hiphop
1986,2019,pop
1987,2018,rock
1988,2019,pop
1988,2019,dance/electronic
1989,2019,pop
1990,2020,world/traditional
1990,2020,hiphop
1991,2019,pop
1991,2019,r&b
1992,2019,pop
1992,2019,dance/electronic
1993,2019,hiphop
1994,2019,pop
1995,2019,pop
1996,2019,hiphop
1996,2019,country
1997,2019,pop
1998,2019,hiphop
